{"public_identifier": "adammgrant", "profile_pic_url": "https://s3.us-west-000.backblazeb2.com/proxycurl/person/adammgrant/profile?X-Amz-Algorithm=AWS4-HMAC-SHA256&X-Amz-Credential=0004d7f56a0400b0000000001%2F20240306%2Fus-west-000%2Fs3%2Faws4_request&X-Amz-Date=20240306T040555Z&X-Amz-Expires=3600&X-Amz-SignedHeaders=host&X-Amz-Signature=f6323163982ead2dd99ae24fd537dcdb08ff57200955306c196c8e61c6f44376", "background_cover_image_url": "https://s3.us-west-000.backblazeb2.com/proxycurl/person/adammgrant/cover?X-Amz-Algorithm=AWS4-HMAC-SHA256&X-Amz-Credential=0004d7f56a0400b0000000001%2F20240306%2Fus-west-000%2Fs3%2Faws4_request&X-Amz-Date=20240306T040555Z&X-Amz-Expires=3600&X-Amz-SignedHeaders=host&X-Amz-Signature=193ba1f59ba3b7ceddfa9ca2661c85e691dd1e45a6f917f770c099529d3f15ac", "first_name": "Adam", "last_name": "Grant", "full_name": "Adam Grant", "follower_count": 5230785, "occupation": "Author, HIDDEN POTENTIAL, THINK AGAIN, GIVE AND TAKE, ORIGINALS, OPTION B at Penguin Publishing Group", "headline": "Organizational psychologist at Wharton, #1 NYT bestselling author of HIDDEN POTENTIAL and THINK AGAIN, and host of the TED podcasts WorkLife and Re:Thinking", "summary": "Recognized as Wharton's top-rated professor, and one of the world's 10 most influential management thinkers and Fortune's 40 under 40.\n\n#1 New York Times bestselling author of Think Again and 4 other books that have sold millions of copies. TED talks have been viewed over 30 million times. Host of WorkLife with Adam Grant, a TED original podcast.", "country": "US", "country_full_name": "United States of America", "city": "Philadelphia", "state": "Pennsylvania", "experiences": [{"starts_at": {"day": 1, "month": 4, "year": 2013}, "ends_at": null, "company": "Penguin Publishing Group", "company_linkedin_profile_url": "https://www.linkedin.com/company/penguin-group-usa", "title": "Author, HIDDEN POTENTIAL, THINK AGAIN, GIVE AND TAKE, ORIGINALS, OPTION B", "description": null, "location": null, "logo_url": "https://media.licdn.com/dms/image/C4E0BAQGUXngYX5jPIA/company-logo_400_400/0/1658858591275/penguin_group_usa_logo?e=1715817600&v=beta&t=8MO2JCXrUl9LXXDvwm5sI3-XXyncQYpiHIfjvNph5dQ"}, {"starts_at": {"day": 1, "month": 3, "year": 2015}, "ends_at": null, "company": "The New York Times", "company_linkedin_profile_url": "https://www.linkedin.com/company/the-new-york-times", "title": "Contributing Op-Ed Writer", "description": null, "location": null, "logo_url": "https://media.licdn.com/dms/image/C560BAQEp-f9Ptu2yVQ/company-logo_400_400/0/1631319717018?e=1715817600&v=beta&t=az2QIdkgEx4jqXuI3l6hcZH1l8egVc0yyl-XQlXUFM8"}, {"starts_at": {"day": 1, "month": 7, "year": 2013}, "ends_at": null, "company": "The Wharton School", "company_linkedin_profile_url": "https://www.linkedin.com/company/the-wharton-school", "title": "The Saul P. Steinberg Professor of Management and Psychology", "description": null, "location": "Philadelphia, PA", "logo_url": "https://media.licdn.com/dms/image/C4E0BAQFQu7wZniptpA/company-logo_400_400/0/1677690194092/the_wharton_school_logo?e=1715817600&v=beta&t=fVF0IFx-D21vSfp_QPZb2QC80k5D3VtHTbcLxiTcX6E"}, {"starts_at": {"day": 1, "month": 7, "year": 2011}, "ends_at": {"day": 30, "month": 6, "year": 2013}, "company": "The Wharton School", "company_linkedin_profile_url": "https://www.linkedin.com/company/the-wharton-school", "title": "Associate Professor of Management, with tenure", "description": null, "location": "Philadelphia, PA", "logo_url": "https://media.licdn.com/dms/image/C4E0BAQFQu7wZniptpA/company-logo_400_400/0/1677690194092/the_wharton_school_logo?e=1715817600&v=beta&t=fVF0IFx-D21vSfp_QPZb2QC80k5D3VtHTbcLxiTcX6E"}, {"starts_at": {"day": 1, "month": 7, "year": 2009}, "ends_at": {"day": 30, "month": 6, "year": 2011}, "company": "The Wharton School", "company_linkedin_profile_url": "https://www.linkedin.com/company/the-wharton-school", "title": "Associate Professor of Management", "description": null, "location": "Philadelphia, PA", "logo_url": "https://media.licdn.com/dms/image/C4E0BAQFQu7wZniptpA/company-logo_400_400/0/1677690194092/the_wharton_school_logo?e=1715817600&v=beta&t=fVF0IFx-D21vSfp_QPZb2QC80k5D3VtHTbcLxiTcX6E"}, {"starts_at": {"day": 1, "month": 1, "year": 2013}, "ends_at": null, "company": "Washington Speakers Bureau", "company_linkedin_profile_url": "https://www.linkedin.com/company/thewsbexperience", "title": "Keynote Speaker", "description": null, "location": null, "logo_url": "https://media.licdn.com/dms/image/C4E0BAQHpe5XQKweDkQ/company-logo_400_400/0/1630630144862/thewsbexperience_logo?e=1715817600&v=beta&t=LCeFNqbILhMN-7P-tNW6vKssQVzk42FCZbZ1rLY1XRU"}, {"starts_at": {"day": 1, "month": 7, "year": 2010}, "ends_at": {"day": 30, "month": 6, "year": 2013}, "company": "Academy of Management Journal", "company_linkedin_profile_url": null, "title": "Associate Editor", "description": null, "location": null, "logo_url": null}, {"starts_at": {"day": 1, "month": 1, "year": 2001}, "ends_at": {"day": 31, "month": 12, "year": 2002}, "company": "Let's Go Publications", "company_linkedin_profile_url": null, "title": "Director of Marketing & Business Development", "description": null, "location": "Cambridge, MA", "logo_url": null}, {"starts_at": {"day": 1, "month": 1, "year": 2001}, "ends_at": {"day": 31, "month": 12, "year": 2001}, "company": "Let's Go Publications", "company_linkedin_profile_url": null, "title": "Director of Advertising Sales", "description": null, "location": "Cambridge, MA", "logo_url": null}, {"starts_at": {"day": 1, "month": 1, "year": 2007}, "ends_at": {"day": 31, "month": 12, "year": 2009}, "company": "University of North Carolina at Chapel Hill", "company_linkedin_profile_url": "https://www.linkedin.com/company/university-of-north-carolina-at-chapel-hill", "title": "Assistant Professor of Organizational Behavior", "description": null, "location": "Chapel Hill, NC", "logo_url": "https://media.licdn.com/dms/image/C4D0BAQE68OxmXDWiGg/company-logo_400_400/0/1630533668132/university_of_north_carolina_at_chapel_hill_logo?e=1715817600&v=beta&t=hRMXqHADdHigjBbKoIYFgb9c7pLnIr2LeZpwjdwx3kU"}], "education": [{"starts_at": {"day": 1, "month": 1, "year": 1999}, "ends_at": {"day": 31, "month": 12, "year": 2003}, "field_of_study": "Psychology", "degree_name": "B.A.", "school": "Harvard University", "school_linkedin_profile_url": "https://www.linkedin.com/company/1646/", "description": null, "logo_url": "https://media.licdn.com/dms/image/C4E0BAQF5t62bcL0e9g/company-logo_400_400/0/1631318058235?e=1715817600&v=beta&t=TGqB6_OTAJ-1_YHinAAmPynzh_4oLdnamRD4xFDzAR4", "grade": null, "activities_and_societies": null}, {"starts_at": {"day": 1, "month": 1, "year": 2003}, "ends_at": {"day": 31, "month": 12, "year": 2006}, "field_of_study": "Organizational Psychology", "degree_name": "Ph.D. and M.S.", "school": "University of Michigan", "school_linkedin_profile_url": "https://www.linkedin.com/company/2516/", "description": null, "logo_url": "https://media.licdn.com/dms/image/C4E0BAQFGfERBPGurCg/company-logo_400_400/0/1631307390795?e=1715817600&v=beta&t=PWGFjxd89Ma-iSv4HVOkCpq3he5VHlaD13JsyMo_DrU", "grade": null, "activities_and_societies": null}], "languages": ["English", "Spanish"], "accomplishment_organisations": [], "accomplishment_publications": [], "accomplishment_honors_awards": [{"title": "100 Most Creative People in Business", "issuer": "Fast Company", "issued_on": {"day": 1, "month": 5, "year": 2016}, "description": null}, {"title": "Class of 1984 Teaching Award", "issuer": "", "issued_on": null, "description": "Highest-rated Wharton MBA professor"}], "accomplishment_patents": [], "accomplishment_courses": [], "accomplishment_projects": [], "accomplishment_test_scores": [], "volunteer_work": [], "certifications": [], "connections": 15412, "people_also_viewed": [{"link": "https://www.linkedin.com/in/rbranson", "name": "Richard Branson", "summary": "Founder at Virgin Group", "location": null}, {"link": "https://www.linkedin.com/in/sarablakely27", "name": "Sara Blakely", "summary": "Founder of SPANX", "location": null}, {"link": "https://www.linkedin.com/in/williamhgates", "name": "Bill Gates", "summary": "Co-chair, Bill & Melinda Gates Foundation", "location": null}, {"link": "https://www.linkedin.com/in/brenebrown", "name": "Bren\u00e9 Brown", "summary": "University of Houston + University of Texas at Austin | Researcher. Storyteller. Courage-builder. ", "location": null}, {"link": "https://www.linkedin.com/in/jamesclear", "name": "James Clear", "summary": "Writer at JamesClear.com", "location": null}], "recommendations": [], "activities": [], "similarly_named_profiles": [{"name": "Adam Grant", "link": "https://uk.linkedin.com/in/adam-grant-74422774", "summary": "Design Engineer at Jaguar Landrover", "location": "Redditch"}, {"name": "Adam Grant", "link": "https://www.linkedin.com/in/adamgrant1830369", "summary": "Sales Avis Budget Group", "location": "Estero, FL"}, {"name": "Adam Grant", "link": "https://uk.linkedin.com/in/adam-grant-4b139794", "summary": "Lead Talent Partner at Thriva Health", "location": "London"}, {"name": "Adam Grant", "link": "https://ca.linkedin.com/in/adam-grant-35a4257b", "summary": "Service Technician - Tesla", "location": "Toronto, ON"}], "articles": [], "groups": [{"profile_pic_url": "https://media.licdn.com/dms/image/C4D07AQFrx0yG2BxUWQ/group-logo_image-shrink_48x48/0/1631374722893?e=1708347600&v=beta&t=P5F0mNIAi7uNoiwT5s791yjOr4mbOyKBtufnua-1CX8", "name": "Lean In Community", "url": "https://www.linkedin.com/groups/4828878"}, {"profile_pic_url": "https://media.licdn.com/dms/image/C4D07AQFYkvSC0sf0OQ/group-logo_image-shrink_48x48/0/1631370850445?e=1708347600&v=beta&t=IarDqOTOhnXKMx9veOyCzYZIt30HaA-me-aWZEwN2l8", "name": "Give and Take", "url": "https://www.linkedin.com/groups/7474280"}], "skills": [], "inferred_salary": null, "gender": null, "birth_date": null, "industry": null, "extra": null, "interests": [], "personal_emails": ["grantad@wharton.upenn.edu"], "personal_numbers": []}
