{"public_identifier": "avani-sathe-0026a5203", "profile_pic_url": "https://s3.us-west-000.backblazeb2.com/proxycurl/person/avani-sathe-0026a5203/profile?X-Amz-Algorithm=AWS4-HMAC-SHA256&X-Amz-Credential=0004d7f56a0400b0000000001%2F20240305%2Fus-west-000%2Fs3%2Faws4_request&X-Amz-Date=20240305T223227Z&X-Amz-Expires=3600&X-Amz-SignedHeaders=host&X-Amz-Signature=52b12e119d5bd9b6c19801dec6024b8abf2a4e0a497a8cddd03ba9cd9061e5e2", "background_cover_image_url": null, "first_name": "Avani", "last_name": "Sathe", "full_name": "Avani Sathe", "follower_count": 159, "occupation": "Graduate Teaching Assistant at Oregon State University", "headline": "Graduate Teaching Assistant @ Oregon State University | Security Operations, Threat Monitoring, Digital Forensics", "summary": "Cyber security has always been my passion and I am pursuing a master's degree in computer science at Oregon State University  with Cyber Security research group to deepen my knowledge and skills in this field. I have completed coursework in security operations, digital forensics and cyber attacks and defenses, and I have published a paper on knowledge graph for client complaint management using natural language processing and machine learning during my undergraduate studies.\n\nI am also gaining hands-on experience in network security monitoring and threat detection as a graduate teaching assistant at OSU, where I mentor and supervise 20+ students in the security operations center (ORTSOC) to perform network log monitoring and daily threat intelligence gathering. We have been successful in detecting multiple security incidents for our clients. Additionally, I have designed and developed a digital forensics course curriculum for high school students and taught the same at the NW Cyber Camp 2023. I have also received the BaxI Award for creating an Oracle APEX application for raw material tracking that is used globally by Baxter.\n\nI am eager to apply my knowledge and skills in cyber security to real-world problems and learn from industry professionals. I am looking for an full-time opportunity in cyber security where I can contribute to the team's goals and objectives, and grow as a security analyst, engineer, or researcher. If you are looking for a person who is motivated, skilled, and ready to make an impact on the job, let's connect and discuss how we can work together.", "country": "US", "country_full_name": "United States of America", "city": "Corvallis", "state": "Oregon", "experiences": [{"starts_at": {"day": 1, "month": 9, "year": 2023}, "ends_at": null, "company": "Oregon State University", "company_linkedin_profile_url": "https://www.linkedin.com/school/oregon-state-university/", "title": "Graduate Teaching Assistant", "description": "Mentor and Teaching assistant for ORTSOC - A security operations center providing services to governments and colleges in need of such services.\nMy role as a mentor and a teaching assistant include supervision over students while they perform network logs monitoring,  performing daily security operations and monitoring as well as taking active part in client communications for the security incidents.\nI am also responsible to monitor the progress of students through different rotations like network monitoring, security engineering, cyber threat intelligence analysis and mitigation.", "location": "Corvallis, Oregon, United States", "logo_url": "https://media.licdn.com/dms/image/C4E0BAQEtLpPkfugtXg/company-logo_400_400/0/1631354574889?e=1712793600&v=beta&t=lTKrKJoCU0eWWCbRXceeWwuNY_DALWpuHUdyEmdiCUQ"}, {"starts_at": {"day": 1, "month": 6, "year": 2023}, "ends_at": {"day": 30, "month": 9, "year": 2023}, "company": "Oregon State University", "company_linkedin_profile_url": "https://www.linkedin.com/school/oregon-state-university/", "title": "Graduate Project Assistant", "description": "Designed and developed a digital forensics course curriculum for high school students that consists of Registry analysis, Application analysis, Encryption and Threat monitoring.\nConducted routine threat monitoring and analysis in the Security Operations Centre (ORTSOC).\nInstructor or the Cyber Camp 2023 at Corvallis Location.", "location": "Corvallis, Oregon, United States", "logo_url": "https://media.licdn.com/dms/image/C4E0BAQEtLpPkfugtXg/company-logo_400_400/0/1631354574889?e=1712793600&v=beta&t=lTKrKJoCU0eWWCbRXceeWwuNY_DALWpuHUdyEmdiCUQ"}, {"starts_at": {"day": 1, "month": 9, "year": 2022}, "ends_at": {"day": 31, "month": 7, "year": 2023}, "company": "Oregon State University", "company_linkedin_profile_url": "https://www.linkedin.com/school/oregon-state-university/", "title": "Graduate Teaching Assistant", "description": "Teaching assistant for \"Introduction to Security\" from September 2022 to December 2022.\nTeaching assistant for Cyber Clinic at Oregon State University (An industry-educational model where the Cyber clinic is responsible to provide Security Operations Services to different organization).", "location": "Corvallis, Oregon, United States", "logo_url": "https://media.licdn.com/dms/image/C4E0BAQEtLpPkfugtXg/company-logo_400_400/0/1631354574889?e=1712793600&v=beta&t=lTKrKJoCU0eWWCbRXceeWwuNY_DALWpuHUdyEmdiCUQ"}, {"starts_at": {"day": 1, "month": 4, "year": 2021}, "ends_at": {"day": 31, "month": 7, "year": 2022}, "company": "Baxter International Inc.", "company_linkedin_profile_url": "https://www.linkedin.com/company/baxter-healthcare/", "title": "Associate Information Technology Analyst", "description": "Worked as Data Engineer and analyst for Celonis Process Mining team\nWorked in Development of Oracle APEX application for Raw Material Tracking", "location": "Bengaluru, Karnataka, India", "logo_url": "https://media.licdn.com/dms/image/D560BAQGo-7_Js0cTcQ/company-logo_400_400/0/1686836641924/baxter_healthcare_logo?e=1712793600&v=beta&t=L5j9k1q5vCccse8VXy3votGOVKk6f2u1zy_Uq2ak_SI"}, {"starts_at": {"day": 1, "month": 9, "year": 2020}, "ends_at": {"day": 30, "month": 4, "year": 2021}, "company": "Baxter International Inc.", "company_linkedin_profile_url": "https://www.linkedin.com/company/baxter-healthcare/", "title": "Analyst Trainee", "description": null, "location": null, "logo_url": "https://media.licdn.com/dms/image/D560BAQGo-7_Js0cTcQ/company-logo_400_400/0/1686836641924/baxter_healthcare_logo?e=1712793600&v=beta&t=L5j9k1q5vCccse8VXy3votGOVKk6f2u1zy_Uq2ak_SI"}, {"starts_at": {"day": 1, "month": 5, "year": 2019}, "ends_at": {"day": 31, "month": 7, "year": 2019}, "company": "Armament Research and Development Establishment, DRDO", "company_linkedin_profile_url": "https://www.linkedin.com/company/arde-pune/", "title": "Android Application Developer", "description": "I collaborated with scientists to learn about the mathematics of firing range prediction in artillery gun systems. I worked on delivering an android application for fire prediction systems to ARDE (Defense research lab for Govt. of India)", "location": "Pune, Maharashtra, India", "logo_url": "https://media.licdn.com/dms/image/C4D0BAQEsVYbjsl9k7A/company-logo_400_400/0/1631356093364/arde_pune_logo?e=1712793600&v=beta&t=WtUVTdyCW_iFm4U8AdT2QwTVC8wysHCdHb64VY51QPA"}, {"starts_at": {"day": 1, "month": 5, "year": 2018}, "ends_at": {"day": 30, "month": 6, "year": 2018}, "company": "SN Systems Pvt. Ltd", "company_linkedin_profile_url": null, "title": "Junior Java Developer", "description": "I assisted in software development of a Vehicle Tracking System (Team of 5 people) and evaluated different communication and network protocols and their impact on IOT devices (Protocols studied: HTTP, SMTP, MQTT, TCP, UDP). I also studied and debugged the existing code to find efficient solution for communication between the hardware and backend server.", "location": "Pune, Maharashtra, India", "logo_url": null}], "education": [{"starts_at": {"day": 1, "month": 9, "year": 2022}, "ends_at": {"day": 30, "month": 6, "year": 2024}, "field_of_study": "Computer Science", "degree_name": "Master of Science - MS", "school": "Oregon State University", "school_linkedin_profile_url": null, "description": null, "logo_url": "https://media.licdn.com/dms/image/C4E0BAQEtLpPkfugtXg/company-logo_400_400/0/1631354574889?e=1712793600&v=beta&t=lTKrKJoCU0eWWCbRXceeWwuNY_DALWpuHUdyEmdiCUQ", "grade": null, "activities_and_societies": null}, {"starts_at": {"day": 1, "month": 8, "year": 2016}, "ends_at": {"day": 31, "month": 5, "year": 2020}, "field_of_study": "Computer Engineering", "degree_name": "Bachelor's of Technology", "school": "MKSSS Cummins College of Engineering for Women", "school_linkedin_profile_url": null, "description": null, "logo_url": "https://media.licdn.com/dms/image/C4E0BAQEPCAoILbTJjQ/company-logo_400_400/0/1630611189727/mksss_cummins_college_of_engineering_for_women_logo?e=1712793600&v=beta&t=xN4IuJQH_kTWJEacifxrjvfbI77i5KByk8GT8hruueQ", "grade": "A", "activities_and_societies": null}], "languages": ["German"], "accomplishment_organisations": [], "accomplishment_publications": [{"name": "Creation of Knowledge Graph for Client Complaint Management System", "publisher": "Springer", "published_on": {"day": 1, "month": 1, "year": 2021}, "description": null, "url": "https://link.springer.com/chapter/10.1007/978-981-16-2934-1_2"}], "accomplishment_honors_awards": [{"title": "BaxI Award", "issuer": "Baxter Inc", "issued_on": {"day": 1, "month": 7, "year": 2022}, "description": "An award presented as a recognition for exemplary performance in designing Oracle APEX application for raw material tracking. The solution is used globally for raw material tracking at Baxter till date."}], "accomplishment_patents": [], "accomplishment_courses": [{"name": "Cyber attacks and Defenses", "number": "CS579"}, {"name": "Human Computer Interaction", "number": "CS565"}, {"name": "Machine Learning", "number": "CS534"}, {"name": "ORTSOC - Capstone Project", "number": "CS579"}], "accomplishment_projects": [], "accomplishment_test_scores": [], "volunteer_work": [], "certifications": [], "connections": null, "people_also_viewed": [{"link": "https://www.linkedin.com/in/preet-tibrewala", "name": "Preet  Tibrewala", "summary": "MSCS| Graduate Teaching Assistant| Oregon State University", "location": null}, {"link": "https://www.linkedin.com/in/ananyas21", "name": "Ananya Sundararajan", "summary": "GHC 2023 | Graduate Teaching Assistant @ Oregon State University | Former Graduate intern at Dell Technologies", "location": null}, {"link": "https://www.linkedin.com/in/radhika-gupte", "name": "Radhika Gupte", "summary": "CS Grad Student & Teaching Assistant @ Oregon State University | Actively seeking Software Engineering opportunities | Software Engineer | Full-stack Developer | Java, Python, JavaScript, Typescript", "location": null}, {"link": "https://www.linkedin.com/in/-radhika-gupta", "name": "Radhika Gupta", "summary": "Master\u2019s in Computer Science at Oregon State University", "location": null}, {"link": "https://www.linkedin.com/in/ridha-p", "name": "Ridha Paramesh", "summary": "Actively seeking SWE opportunities | Graduate Research Assistant @ Oregon State | Machine Learning, Computer Vision", "location": null}, {"link": "https://www.linkedin.com/in/sahir8gill", "name": "Sahir Gill", "summary": "Mathematics graduate student and GTA at Oregon State University.", "location": null}, {"link": "https://www.linkedin.com/in/naren-khake", "name": "Naren Khake", "summary": "MS in Computer Science at Oregon State University with specialization in Computer Graphics and Visualisation.", "location": null}, {"link": "https://www.linkedin.com/in/rohitnair35", "name": "Rohit Nair", "summary": "MS in CS Graduate student 23 | ex - SDE @ BNP Paribas | ex - SDE intern @ Sayari", "location": null}, {"link": "https://www.linkedin.com/in/yinggus", "name": "Ying Dai", "summary": "Data Science Intern at Google", "location": null}, {"link": "https://www.linkedin.com/in/pushpakkatkhede", "name": "Pushpak Katkhede", "summary": "Graduate Teaching Assistant | MS CS @ Oregon State University | Ex-IBM | Python Programmer | Software Developer | Observability Expert | Docker | Kubernetes | Data Science | Machine Learning", "location": null}], "recommendations": [], "activities": [], "similarly_named_profiles": [], "articles": [], "groups": [], "skills": [], "inferred_salary": null, "gender": null, "birth_date": null, "industry": null, "extra": null, "interests": [], "personal_emails": [], "personal_numbers": []}
