{"public_identifier": "brian-j-porter", "profile_pic_url": "https://s3.us-west-000.backblazeb2.com/proxycurl/person/brian-j-porter/profile?X-Amz-Algorithm=AWS4-HMAC-SHA256&X-Amz-Credential=0004d7f56a0400b0000000001%2F20240305%2Fus-west-000%2Fs3%2Faws4_request&X-Amz-Date=20240305T195524Z&X-Amz-Expires=3600&X-Amz-SignedHeaders=host&X-Amz-Signature=c3e9ca7d0612678cc908fcdacc85c8a6c2a74b6039b71b62150c1491679f9e9b", "background_cover_image_url": "https://s3.us-west-000.backblazeb2.com/proxycurl/person/brian-j-porter/cover?X-Amz-Algorithm=AWS4-HMAC-SHA256&X-Amz-Credential=0004d7f56a0400b0000000001%2F20240305%2Fus-west-000%2Fs3%2Faws4_request&X-Amz-Date=20240305T195524Z&X-Amz-Expires=3600&X-Amz-SignedHeaders=host&X-Amz-Signature=34c0769c6066b91e88fdda141a2de8a0e9f84808c87ef6f8dd1826c4b192273c", "first_name": "Brian", "last_name": "Porter", "full_name": "Brian Porter", "follower_count": 57171, "occupation": "President and Chief Executive Officer at Scotiabank", "headline": "Former President and CEO", "summary": "Brian Porter served as Scotiabank\u2019s Chief Executive Officer from November 1, 2013 to January 31, 2023. Prior to becoming CEO, Mr. Porter served as the Bank\u2019s Chief Risk Officer, Group Head of Risk and Treasury, and Group Head of International Banking. He joined the Bank in 1981.\n\nMr. Porter is Chair of the University Health Network (UHN) Board of Trustees and Chair of the Board of Governors of Huron University College at Western University. Mr. Porter previously served as Vice Chairman and Treasurer of the Washington-based Institute of International Finance (IIF) as well as a Board Member of the Council of the Americas and The BlackNorth Initiative.\n\nMr. Porter earned a B.Comm. from Dalhousie University, and has been awarded an Honorary Doctor of Laws (LLD) from Dalhousie University (2008) and Ryerson University (2018). He is a graduate of the Advanced Management Program of the Harvard Business School.", "country": "CA", "country_full_name": "Canada", "city": "Toronto", "state": "Ontario", "experiences": [{"starts_at": {"day": 1, "month": 11, "year": 2013}, "ends_at": {"day": 31, "month": 1, "year": 2023}, "company": "Scotiabank", "company_linkedin_profile_url": "https://www.linkedin.com/company/scotiabank/", "title": "President and Chief Executive Officer", "description": null, "location": null, "logo_url": "https://media.licdn.com/dms/image/C4D0BAQHxHH6MUBCp-g/company-logo_400_400/0/1657748903119/scotiabank_logo?e=1715817600&v=beta&t=5Dz_VL4F7_KMMD9Z3rPtufvfLCvRKawqI3I8MYi-oY0"}, {"starts_at": {"day": 1, "month": 11, "year": 2012}, "ends_at": {"day": 30, "month": 11, "year": 2022}, "company": "Scotiabank", "company_linkedin_profile_url": "https://www.linkedin.com/company/scotiabank/", "title": "President", "description": null, "location": null, "logo_url": "https://media.licdn.com/dms/image/C4D0BAQHxHH6MUBCp-g/company-logo_400_400/0/1657748903119/scotiabank_logo?e=1715817600&v=beta&t=5Dz_VL4F7_KMMD9Z3rPtufvfLCvRKawqI3I8MYi-oY0"}, {"starts_at": {"day": 1, "month": 10, "year": 2010}, "ends_at": {"day": 30, "month": 11, "year": 2012}, "company": "Scotiabank", "company_linkedin_profile_url": "https://www.linkedin.com/company/scotiabank/", "title": "Group Head, International Banking", "description": null, "location": null, "logo_url": "https://media.licdn.com/dms/image/C4D0BAQHxHH6MUBCp-g/company-logo_400_400/0/1657748903119/scotiabank_logo?e=1715817600&v=beta&t=5Dz_VL4F7_KMMD9Z3rPtufvfLCvRKawqI3I8MYi-oY0"}, {"starts_at": {"day": 1, "month": 11, "year": 2008}, "ends_at": {"day": 31, "month": 10, "year": 2010}, "company": "Scotiabank", "company_linkedin_profile_url": "https://www.linkedin.com/company/scotiabank/", "title": "Group Head, Risk & Treasury", "description": null, "location": null, "logo_url": "https://media.licdn.com/dms/image/C4D0BAQHxHH6MUBCp-g/company-logo_400_400/0/1657748903119/scotiabank_logo?e=1715817600&v=beta&t=5Dz_VL4F7_KMMD9Z3rPtufvfLCvRKawqI3I8MYi-oY0"}, {"starts_at": {"day": 1, "month": 3, "year": 2006}, "ends_at": {"day": 30, "month": 11, "year": 2008}, "company": "Scotiabank", "company_linkedin_profile_url": "https://www.linkedin.com/company/scotiabank/", "title": "Executive Vice President & Chief Risk Officer", "description": null, "location": null, "logo_url": "https://media.licdn.com/dms/image/C4D0BAQHxHH6MUBCp-g/company-logo_400_400/0/1657748903119/scotiabank_logo?e=1715817600&v=beta&t=5Dz_VL4F7_KMMD9Z3rPtufvfLCvRKawqI3I8MYi-oY0"}, {"starts_at": {"day": 1, "month": 11, "year": 2005}, "ends_at": {"day": 31, "month": 3, "year": 2006}, "company": "Scotiabank", "company_linkedin_profile_url": "https://www.linkedin.com/company/scotiabank/", "title": "Chief Risk Officer", "description": null, "location": null, "logo_url": "https://media.licdn.com/dms/image/C4D0BAQHxHH6MUBCp-g/company-logo_400_400/0/1657748903119/scotiabank_logo?e=1715817600&v=beta&t=5Dz_VL4F7_KMMD9Z3rPtufvfLCvRKawqI3I8MYi-oY0"}, {"starts_at": {"day": 1, "month": 9, "year": 2004}, "ends_at": {"day": 30, "month": 11, "year": 2005}, "company": "Scotiabank", "company_linkedin_profile_url": "https://www.linkedin.com/company/scotiabank/", "title": "Deputy Chairman and Head of CSS & CRM, Global Banking & Markets", "description": null, "location": null, "logo_url": "https://media.licdn.com/dms/image/C4D0BAQHxHH6MUBCp-g/company-logo_400_400/0/1657748903119/scotiabank_logo?e=1715817600&v=beta&t=5Dz_VL4F7_KMMD9Z3rPtufvfLCvRKawqI3I8MYi-oY0"}, {"starts_at": {"day": 1, "month": 1, "year": 1981}, "ends_at": {"day": 30, "month": 9, "year": 2004}, "company": "Scotiabank", "company_linkedin_profile_url": "https://www.linkedin.com/company/scotiabank/", "title": "Employee, Various Roles", "description": null, "location": null, "logo_url": "https://media.licdn.com/dms/image/C4D0BAQHxHH6MUBCp-g/company-logo_400_400/0/1657748903119/scotiabank_logo?e=1715817600&v=beta&t=5Dz_VL4F7_KMMD9Z3rPtufvfLCvRKawqI3I8MYi-oY0"}], "education": [{"starts_at": null, "ends_at": {"day": 31, "month": 1, "year": 1980}, "field_of_study": null, "degree_name": null, "school": "Dalhousie University", "school_linkedin_profile_url": null, "description": null, "logo_url": "https://media.licdn.com/dms/image/C560BAQHfPPsx3l1srQ/company-logo_400_400/0/1654526060264/dalhousie_university_logo?e=1715817600&v=beta&t=_jfVCbTwWxp7-oZJFwGfQuYF3heR-UbuWFPZg6Nn9CM", "grade": null, "activities_and_societies": null}], "languages": [], "accomplishment_organisations": [], "accomplishment_publications": [], "accomplishment_honors_awards": [], "accomplishment_patents": [], "accomplishment_courses": [], "accomplishment_projects": [], "accomplishment_test_scores": [], "volunteer_work": [{"starts_at": null, "ends_at": null, "title": "Chair of 2018 fundraising campaign", "cause": null, "company": "United Way Greater Toronto", "company_linkedin_profile_url": "https://www.linkedin.com/company/uwgreaterto/", "description": null, "logo_url": "https://media.licdn.com/dms/image/C560BAQGnLu1efjWmQA/company-logo_400_400/0/1630580090587/uwgreaterto_logo?e=1715817600&v=beta&t=WVJGIPAW81QSrv8ACPVKd5Z-1BdMh2PP7NALVpEFZ1o"}, {"starts_at": null, "ends_at": null, "title": "Chair Of The Board Of Trustees", "cause": null, "company": "University Health Network", "company_linkedin_profile_url": "https://www.linkedin.com/company/university-health-network/", "description": null, "logo_url": "https://media.licdn.com/dms/image/C560BAQGJlfcx4GQMMg/company-logo_400_400/0/1630620489090/university_health_network_logo?e=1715817600&v=beta&t=9n5ZoGPKXjZsmZ3vTQiM6qwAlKJYD2PiOHs_Q9BWoyI"}], "certifications": [], "connections": null, "people_also_viewed": [], "recommendations": [], "activities": [], "similarly_named_profiles": [{"name": "Brian Porter", "link": "https://www.linkedin.com/in/brian-porter-60ab1417", "summary": "President at Soft-Pak Inc.", "location": "San Diego, CA"}, {"name": "Brian Porter", "link": "https://ca.linkedin.com/in/brian-porter-74884354", "summary": "Principal at Two Row Architect", "location": "Brant, ON"}, {"name": "Brian Porter", "link": "https://www.linkedin.com/in/brian-porter-707456a8", "summary": "Keller Williams Realty", "location": "San Francisco Bay Area"}, {"name": "Brian Porter", "link": "https://www.linkedin.com/in/brian-porter-75636589", "summary": "Finance Director at Straatmann Toyota", "location": "United States"}], "articles": [], "groups": [], "skills": [], "inferred_salary": null, "gender": null, "birth_date": null, "industry": null, "extra": null, "interests": [], "personal_emails": [], "personal_numbers": []}
