{"public_identifier": "calvinnobles", "profile_pic_url": "https://s3.us-west-000.backblazeb2.com/proxycurl/person/calvinnobles/profile?X-Amz-Algorithm=AWS4-HMAC-SHA256&X-Amz-Credential=0004d7f56a0400b0000000001%2F20240306%2Fus-west-000%2Fs3%2Faws4_request&X-Amz-Date=20240306T041002Z&X-Amz-Expires=3600&X-Amz-SignedHeaders=host&X-Amz-Signature=2e08172b143e8c701d0f79a2729d49b1bdd1b1265454e4ebcddb31d19592f3f8", "background_cover_image_url": null, "first_name": "Calvin", "last_name": "Nobles, Ph.D.", "full_name": "Calvin Nobles, Ph.D.", "follower_count": null, "occupation": "Department Chair and Associate Professor, Information Technology and Management at Illinois Tech College of Computing ", "headline": "Department Chair and Associate Professor, Information and Technology Management, Illinois Institute of Technology, College of Computing | Cyber Project Fellow at Harvard's Belfer Center", "summary": "A recognized practitioner in human factors engineering and cybersecurity operations with 25 years of increasing responsibilities in leading security operations, advising senior executives on cyber policies, and driving enterprise-level solutions. An innovative and strategic leader with a record of delivering cyber solutions that impact national efforts; noted for driving change to achieve cybersecurity objectives.", "country": "US", "country_full_name": "United States of America", "city": "Chicago", "state": "Illinois", "experiences": [{"starts_at": {"day": 1, "month": 1, "year": 2021}, "ends_at": null, "company": "Harvard's Belfer Center", "company_linkedin_profile_url": "https://www.linkedin.com/company/belfercenter/", "title": "Cyber Project Fellow (Non-resident)", "description": "Provide cybersecurity expertise on a myriad of issues to include advancing cybersecurity policy discussions, and producing artifacts to increase awareness and understanding on cybersecurity matters.", "location": null, "logo_url": "https://media-exp1.licdn.com/dms/image/C510BAQG-LP5y4r4sjg/company-logo_400_400/0/1519907325837?e=1672876800&v=beta&t=6uAOlcG-wtTEEFPO90xpe5uUBG7TjUOg7lb7booVEbg"}, {"starts_at": {"day": 1, "month": 6, "year": 2021}, "ends_at": null, "company": "Illinois Tech College of Computing ", "company_linkedin_profile_url": "https://www.linkedin.com/company/illinois-tech-college-of-computing/", "title": "Department Chair and Associate Professor, Information Technology and Management", "description": null, "location": "Chicago, Illinois, United States", "logo_url": "https://media-exp1.licdn.com/dms/image/C4E0BAQFwpltN_YO7UA/company-logo_400_400/0/1591024933879?e=1672876800&v=beta&t=rsKv3XrQFB7sUPpngHPM9Hwe8D57UiPCGfTEN8wunAM"}, {"starts_at": {"day": 1, "month": 10, "year": 2017}, "ends_at": {"day": 31, "month": 5, "year": 2021}, "company": "Wells Fargo", "company_linkedin_profile_url": "https://www.linkedin.com/company/wellsfargo/", "title": "Vice President, Identity Access Management Expertise / Cybersecurity Professional", "description": null, "location": "Orange Park, FL", "logo_url": "https://media-exp1.licdn.com/dms/image/C4D0BAQGLxWPpGqaVmw/company-logo_400_400/0/1607533344544?e=1672876800&v=beta&t=lJc6976xeAjD0bGFrg5i6FFtJ0_l_wHYpAyRlJnhirI"}, {"starts_at": {"day": 1, "month": 9, "year": 2018}, "ends_at": {"day": 30, "month": 4, "year": 2020}, "company": "New America", "company_linkedin_profile_url": "https://www.linkedin.com/company/new-america-foundation/", "title": "Cybersecurity Policy Fellow", "description": null, "location": "Washington, DC", "logo_url": "https://media-exp1.licdn.com/dms/image/C4E0BAQGrZqqrQKOXnA/company-logo_400_400/0/1519855931133?e=1672876800&v=beta&t=zSv7-_kRyWcTdj5J7lAx-tdkv3E6_Ii3G7VSVvuM3gY"}, {"starts_at": {"day": 1, "month": 8, "year": 2016}, "ends_at": {"day": 30, "month": 9, "year": 2017}, "company": "U.S. Fleet Cyber Command / U.S. 10th Fleet / Joint Force Headquarters Cyber", "company_linkedin_profile_url": "https://www.linkedin.com/company/u-s-fleet-cyber-command-u-s-10th-fleet/", "title": "Senior Director, Cyber Support Operations", "description": null, "location": "Fort Meade, MD", "logo_url": "https://media-exp1.licdn.com/dms/image/C4D0BAQH8z9rf1mibIg/company-logo_400_400/0/1644850053711?e=1672876800&v=beta&t=GRuanDsqP8OQoF9yMnkTPJPq3T2SWocSj3ybG6qUdcs"}, {"starts_at": {"day": 1, "month": 2, "year": 2014}, "ends_at": {"day": 31, "month": 7, "year": 2016}, "company": "Expeditionary Strike Group 7", "company_linkedin_profile_url": null, "title": "Senior Director / Chief Cryptologist and Security Officer / Deputy Intelligence Officer", "description": null, "location": "Japan", "logo_url": null}, {"starts_at": {"day": 1, "month": 7, "year": 2011}, "ends_at": {"day": 31, "month": 1, "year": 2014}, "company": "Naval Information Operations Command Georgia / National Security Agency-G", "company_linkedin_profile_url": null, "title": "Senior Director / Global Security Operations", "description": null, "location": "Fort Gordon, GA", "logo_url": null}], "education": [{"starts_at": {"day": 1, "month": 1, "year": 2011}, "ends_at": {"day": 1, "month": 1, "year": 2015}, "field_of_study": "Management", "degree_name": "MBA", "school": "Northcentral University", "school_linkedin_profile_url": null, "description": null, "logo_url": "https://media-exp1.licdn.com/dms/image/C560BAQH7sQhrHlhLjA/company-logo_400_400/0/1656731657444?e=1672876800&v=beta&t=A0UuVhNt1yuI3Dp9zo4U0HxdLbYCzl8G629Y4G-NRSo", "grade": null, "activities_and_societies": null}, {"starts_at": {"day": 1, "month": 1, "year": 2009}, "ends_at": {"day": 1, "month": 1, "year": 2010}, "field_of_study": "Information Security", "degree_name": "Graduate Certificate ", "school": "Champlain College", "school_linkedin_profile_url": null, "description": null, "logo_url": "https://media-exp1.licdn.com/dms/image/C4E0BAQFvRdxs2ycDlw/company-logo_400_400/0/1625579547188?e=1672876800&v=beta&t=wTxNvKvSyyRDGHE0Hq-vLAeVfi7ymw5dmnwxdGfmDMo", "grade": null, "activities_and_societies": null}, {"starts_at": {"day": 1, "month": 1, "year": 2018}, "ends_at": {"day": 31, "month": 12, "year": 2018}, "field_of_study": "Cybersecurity Executive Education", "degree_name": "Certificate", "school": "Harvard Business School Executive Education", "school_linkedin_profile_url": null, "description": null, "logo_url": "https://media-exp1.licdn.com/dms/image/C4D0BAQGw3lEi1BX9Ag/company-logo_400_400/0/1640033511276?e=1672876800&v=beta&t=a9OG4-tzUQmsvDW_uO99EwsKIlX8gPg65R_cIuYl5nQ", "grade": null, "activities_and_societies": null}, {"starts_at": {"day": 1, "month": 1, "year": 2018}, "ends_at": {"day": 31, "month": 12, "year": 2018}, "field_of_study": "Cybersecurity: Managing Risk in the Information Age", "degree_name": "Certificate", "school": "Harvard University", "school_linkedin_profile_url": null, "description": null, "logo_url": "https://media-exp1.licdn.com/dms/image/C4E0BAQF5t62bcL0e9g/company-logo_400_400/0/1519855919126?e=1672876800&v=beta&t=9twXof1JlnNHfFprrDMi-C1Kp55HTT4ahINKHRflUHw", "grade": null, "activities_and_societies": null}, {"starts_at": {"day": 1, "month": 1, "year": 2018}, "ends_at": {"day": 31, "month": 12, "year": 2021}, "field_of_study": "Management Information Systems, General", "degree_name": "Doctorate of Business Administration", "school": "Fox School of Business at Temple University", "school_linkedin_profile_url": null, "description": null, "logo_url": "https://media-exp1.licdn.com/dms/image/D4E0BAQEIwcSFsUgI0A/company-logo_400_400/0/1664374051747?e=1672876800&v=beta&t=kuFaz4haVLMIkfd6r5r78igxi1ZF2IMdz98Cy2utaKo", "grade": null, "activities_and_societies": null}, {"starts_at": null, "ends_at": null, "field_of_study": "Human Factors", "degree_name": "Doctor of Philosophy - PhD", "school": "Capitol Technology University", "school_linkedin_profile_url": null, "description": null, "logo_url": "https://media-exp1.licdn.com/dms/image/C4E0BAQFdwC_He0E2Vw/company-logo_400_400/0/1591824992354?e=1672876800&v=beta&t=MGwsqqt0DzwO9pvr5gIOY2z0Qc5-y1daMKqsXI_PnKs", "grade": null, "activities_and_societies": null}, {"starts_at": null, "ends_at": null, "field_of_study": "Management and Engineering Technology", "degree_name": "PhD", "school": "Northcentral University", "school_linkedin_profile_url": null, "description": null, "logo_url": "https://media-exp1.licdn.com/dms/image/C560BAQH7sQhrHlhLjA/company-logo_400_400/0/1656731657444?e=1672876800&v=beta&t=A0UuVhNt1yuI3Dp9zo4U0HxdLbYCzl8G629Y4G-NRSo", "grade": null, "activities_and_societies": null}, {"starts_at": null, "ends_at": null, "field_of_study": "Information Security", "degree_name": "Master of Information Systems Security", "school": "University of the Cumberlands", "school_linkedin_profile_url": null, "description": null, "logo_url": "https://media-exp1.licdn.com/dms/image/C4D0BAQEBpk4M7lppdA/company-logo_400_400/0/1547578455089?e=1672876800&v=beta&t=-YFeH_F6DSXhXadcrPtPLDETc1qMHgZlLwpTqbGRKC8", "grade": null, "activities_and_societies": null}], "languages": [], "accomplishment_organisations": [{"starts_at": {"day": 1, "month": 3, "year": 2009}, "ends_at": null, "org_name": "University Aviation Assocation", "title": null, "description": null}], "accomplishment_publications": [{"name": "Exploring Pilots' Experiences of Integrating Technologically Advanced Aircraft Within General Aviation: A Case Study", "publisher": "ProQuest (2015)", "published_on": null, "description": "For doctoral dissertation, utilized a case study with three embedded participants' groups to explore the impact of technologically advanced aircraft on general aviation based on technological determinism by comparing the findings between private pilots, commercial and instrument rated pilots, and certified flight instructors to examine technological innovations affect on aviation safety and pilots' decision-making skills.", "url": null}], "accomplishment_honors_awards": [{"title": "Delta Mu Delta International Honor Society", "issuer": null, "issued_on": null, "description": null}], "accomplishment_patents": [], "accomplishment_courses": [], "accomplishment_projects": [], "accomplishment_test_scores": [], "volunteer_work": [{"starts_at": null, "ends_at": null, "title": "President", "cause": "Social_services", "company": "Navy Information Operations Command Georgia Officers' Association (2012-2013)", "company_linkedin_profile_url": null, "description": null, "logo_url": null}], "certifications": [], "connections": null, "people_also_viewed": [], "recommendations": [], "activities": [], "similarly_named_profiles": [], "articles": [], "groups": [], "skills": [], "inferred_salary": null, "gender": null, "birth_date": null, "industry": null, "extra": null, "interests": [], "personal_emails": [], "personal_numbers": []}
