{"public_identifier": "chaitanya-bejjanki-55ba91171", "profile_pic_url": "https://media.licdn.com/dms/image/C5603AQEQ3deHbhqTdg/profile-displayphoto-shrink_400_400/0/1601264912600?e=1715212800&v=beta&t=FcGwLDovHyjmiFjnsIl97K60xITanAiSPAIuzvT165Y", "background_cover_image_url": null, "first_name": "Chaitanya", "last_name": "Bejjanki ", "full_name": "Chaitanya Bejjanki ", "follower_count": 197, "occupation": "Assistant System Engineer at Tata Consultancy Services", "headline": "Actively seeking internship opportunities", "summary": null, "country": "US", "country_full_name": "United States of America", "city": "Chicago", "state": "Illinois", "experiences": [{"starts_at": {"day": 1, "month": 10, "year": 2021}, "ends_at": {"day": 31, "month": 7, "year": 2023}, "company": "Tata Consultancy Services", "company_linkedin_profile_url": "https://www.linkedin.com/company/tata-consultancy-services", "title": "Assistant System Engineer", "description": null, "location": "India", "logo_url": "https://media.licdn.com/dms/image/D4D0BAQGsGR9p4ikS5w/company-logo_400_400/0/1708946550425/tata_consultancy_services_logo?e=1717632000&v=beta&t=rSR2Xu_LtD00OXeNru5Z_LsSjN8LJPhPG7xvv0hT28Y"}], "education": [{"starts_at": {"day": 1, "month": 8, "year": 2023}, "ends_at": null, "field_of_study": "Information Technology and Management ", "degree_name": "Masters", "school": "Illinois Institute of Technology", "school_linkedin_profile_url": "https://www.linkedin.com/company/6328/", "description": null, "logo_url": "https://media.licdn.com/dms/image/C4D0BAQEd6wnmQCCIHw/company-logo_400_400/0/1630559679535/illinois_institute_of_technology_logo?e=1717632000&v=beta&t=9_wR1v9lt8WVPSux8a585YLwqzmyIqxwEYp0mHeXRL0", "grade": "4.0", "activities_and_societies": null}, {"starts_at": {"day": 1, "month": 1, "year": 2017}, "ends_at": {"day": 31, "month": 12, "year": 2021}, "field_of_study": "Electronics and Communication Engineering", "degree_name": "Bachelor's degree", "school": "SRKR Engineering College", "school_linkedin_profile_url": "https://www.linkedin.com/company/15107578/", "description": null, "logo_url": "https://media.licdn.com/dms/image/C510BAQHis_wgU1SguA/company-logo_400_400/0/1630580954011/srkr_engineering_college_logo?e=1717632000&v=beta&t=I69eN1i6drUUCiol8l9ouzNKZb82-zhoEKIATpfcSVk", "grade": null, "activities_and_societies": null}], "languages": [], "accomplishment_organisations": [], "accomplishment_publications": [], "accomplishment_honors_awards": [], "accomplishment_patents": [], "accomplishment_courses": [], "accomplishment_projects": [], "accomplishment_test_scores": [], "volunteer_work": [], "certifications": [], "connections": 198, "people_also_viewed": [], "recommendations": [], "activities": [], "similarly_named_profiles": [], "articles": [], "groups": [{"profile_pic_url": "https://media.licdn.com/dms/image/D4E07AQE5wuxipYzIdA/group-logo_image-shrink_400x400/0/1664533330534?e=1710284400&v=beta&t=c_hrPQb84n1Z-vfjsnIwD2k19sNjhBuwizOOVHm3UC8", "name": "Java Developers Community (moderated)", "url": "https://www.linkedin.com/groups/3983267"}], "skills": [], "inferred_salary": null, "gender": null, "birth_date": null, "industry": null, "extra": null, "interests": [], "personal_emails": [], "personal_numbers": []}
