{"public_identifier": "gopal-raj-suresh-d", "profile_pic_url": "https://s3.us-west-000.backblazeb2.com/proxycurl/person/gopal-raj-suresh-d/profile?X-Amz-Algorithm=AWS4-HMAC-SHA256&X-Amz-Credential=0004d7f56a0400b0000000001%2F20240305%2Fus-west-000%2Fs3%2Faws4_request&X-Amz-Date=20240305T231011Z&X-Amz-Expires=3600&X-Amz-SignedHeaders=host&X-Amz-Signature=fb4378e128bf9b6b95fb321037a90798911b7dd84169ae391102db2d4ee7a26e", "background_cover_image_url": null, "first_name": "DUMMUGUDUPU", "last_name": "GOPAL RAJ SURESH", "full_name": "DUMMUGUDUPU GOPAL RAJ SURESH", "follower_count": 207, "occupation": "Programmer Analyst at Cognizant", "headline": "Graduate Student at Illinois Institute of Technology | MS ITM | Machine Learning Enthusiast | Ex- Cognizant | HTML | CSS | JavaScript | Core Java | SQL | Websphere MQ | IBM - ACE", "summary": "As a Programmer Analyst with a background in mechanical engineering, I bring a unique perspective to software development. With skills in HTML, CSS, JS, SQL, Core Java, IBM ACE, and MQ, I have a solid foundation in programming and technology. I am currently expanding my expertise in ML and data science, and I am eager to apply these skills to real-world challenges.\n\nIn addition to my professional work, I am passionate about giving back to my community. I have volunteered with Make A Difference as an Academic Support Volunteer and Shelter Support Fellow, helping students to achieve their academic goals and prepare for exams.\n\nI am always looking for new opportunities to grow and learn, and I am open to connecting with other professionals in the industry. If you are interested in discussing potential collaborations or opportunities, please feel free to reach out.\n\nThank you for taking the time to read my profile summary, and I look forward to connecting with you!", "country": "US", "country_full_name": "United States of America", "city": "Chicago", "state": "Illinois", "experiences": [{"starts_at": {"day": 1, "month": 12, "year": 2022}, "ends_at": {"day": 31, "month": 7, "year": 2023}, "company": "Cognizant", "company_linkedin_profile_url": "https://www.linkedin.com/company/cognizant", "title": "Programmer Analyst", "description": "Successfully designed and implemented a comprehensive messaging infrastructure using IBM ACE and IBM MQ, optimizing data flow and communication across heterogeneous systems. Achieved significant gains in operational efficiency, ensuring message reliability and security. Collaborated closely with cross-functional teams to deliver a scalable and high-performance solution, resulting in streamlined business processes and improved customer experiences.", "location": "Hybrid", "logo_url": "https://media.licdn.com/dms/image/D4E0BAQHDKo68h6DqgQ/company-logo_400_400/0/1688389917808/cognizant_logo?e=1717632000&v=beta&t=kGiKZAQZS8zFpCWHEPKN-Cc_Wy-Mw7mLwapIDPgwPR0"}, {"starts_at": {"day": 1, "month": 12, "year": 2021}, "ends_at": {"day": 31, "month": 12, "year": 2022}, "company": "Cognizant", "company_linkedin_profile_url": "https://www.linkedin.com/company/cognizant", "title": "Programmer Analyst Trainee", "description": "Orchestrated a digital transformation initiative, integrating SharePoint and Microsoft Power Apps to streamline workflows and enhance collaboration. Migrated legacy systems to SharePoint, establishing a centralized content repository. Developed custom Power Apps for workflow automation, resulting in significant time and cost savings. Achieved improved data accessibility and real-time reporting for enhanced operational efficiency.", "location": "India", "logo_url": "https://media.licdn.com/dms/image/D4E0BAQHDKo68h6DqgQ/company-logo_400_400/0/1688389917808/cognizant_logo?e=1717632000&v=beta&t=kGiKZAQZS8zFpCWHEPKN-Cc_Wy-Mw7mLwapIDPgwPR0"}], "education": [{"starts_at": {"day": 1, "month": 8, "year": 2023}, "ends_at": {"day": 31, "month": 8, "year": 2025}, "field_of_study": "Information Technology", "degree_name": "Master's degree", "school": "Illinois Institute of Technology", "school_linkedin_profile_url": "https://www.linkedin.com/company/6328/", "description": null, "logo_url": "https://media.licdn.com/dms/image/C4D0BAQEd6wnmQCCIHw/company-logo_400_400/0/1630559679535/illinois_institute_of_technology_logo?e=1717632000&v=beta&t=9_wR1v9lt8WVPSux8a585YLwqzmyIqxwEYp0mHeXRL0", "grade": null, "activities_and_societies": null}, {"starts_at": {"day": 1, "month": 7, "year": 2017}, "ends_at": {"day": 31, "month": 7, "year": 2021}, "field_of_study": "Mechanical Engineering", "degree_name": "Bachelor of Technology - BTech", "school": "MVGR College of Engineering", "school_linkedin_profile_url": "https://www.linkedin.com/company/6924734/", "description": null, "logo_url": null, "grade": "3.5/4", "activities_and_societies": null}], "languages": [], "accomplishment_organisations": [], "accomplishment_publications": [], "accomplishment_honors_awards": [], "accomplishment_patents": [], "accomplishment_courses": [], "accomplishment_projects": [], "accomplishment_test_scores": [], "volunteer_work": [{"starts_at": {"day": 1, "month": 7, "year": 2020}, "ends_at": {"day": 30, "month": 6, "year": 2021}, "title": "Academic Support Volunteer", "cause": "Children", "company": "Make A Difference", "company_linkedin_profile_url": "https://www.linkedin.com/company/690247/", "description": "Physics tutor for class 9 students, where I designed and tailored effective lesson plans and helped them \nachieve good grades by conducting proper tests and giving constructive feedback.\n\nAdaptably participated and hosted several events across the city through the organization, creating\nawareness and making a significant impact on a large scale.", "logo_url": "https://media.licdn.com/dms/image/C510BAQHSolnkv_Jrog/company-logo_400_400/0/1631417254927/make_a_difference_2_logo?e=1717632000&v=beta&t=xebTqwDjiKpnAwKzEiWY-aRSa3CmfXanSr0-Cnt8yXw"}, {"starts_at": {"day": 1, "month": 7, "year": 2021}, "ends_at": {"day": 30, "month": 6, "year": 2022}, "title": "Shelter Support Fellow", "cause": "Children", "company": "Make A Difference", "company_linkedin_profile_url": "https://www.linkedin.com/company/690247/", "description": "In this fellowship role, I established proper connection between shelter homes and NGO, facilitating \nacademic success for numerous children, enabling them to attain commendable grades in their examinations. \n\nPlayed an integral role in community projects, including fundraising initiatives and awareness campaigns, contributing to the holistic development of the children in shelter homes.\n\nSourcing, Recruiting, On-boarding, Volunteer Management and engagement and all city event mobilization. Collaborated closely with key stakeholders within the organization, demonstrating \neffective management skills.", "logo_url": "https://media.licdn.com/dms/image/C510BAQHSolnkv_Jrog/company-logo_400_400/0/1631417254927/make_a_difference_2_logo?e=1717632000&v=beta&t=xebTqwDjiKpnAwKzEiWY-aRSa3CmfXanSr0-Cnt8yXw"}], "certifications": [], "connections": 209, "people_also_viewed": [{"link": "https://www.linkedin.com/in/dharapranavkaushik?miniProfileUrn=urn%3Ali%3Afs_miniProfile%3AACoAAC7iYpUBROBtPcjuwlmZ2Mj6Fhqvh_9KVfM", "name": "Pranav Kaushik Dhara", "summary": "Graduate Teaching Assistant @ Illinois Institute of Technology | Master's in Computer Science", "location": null}, {"link": "https://www.linkedin.com/in/sowjanya-msl-593000179?miniProfileUrn=urn%3Ali%3Afs_miniProfile%3AACoAACouUz8BR0v3Ofyr7gcnq7aHWriP0udHJOM", "name": "Sowjanya MSL", "summary": "ITM Grad Student @ Illinois Institute of Technology", "location": null}, {"link": "https://www.linkedin.com/in/seshukolli?miniProfileUrn=urn%3Ali%3Afs_miniProfile%3AACoAACdWuLQB9t9kvweMe3tWwTySvfHuS3B9K_4", "name": "Sesha Shai Datta Kolli", "summary": "Masters's in CS @ Illinois Tech || Actively seeking Intern/Full-Time opportunities in ML, NLP, Deep Learning, and SDE.", "location": null}, {"link": "https://www.linkedin.com/in/swetha-radhakrishnan?miniProfileUrn=urn%3Ali%3Afs_miniProfile%3AACoAACZxkuoBYpSIOKmXhzUZx_VTiMltYHeUrlM", "name": "Swetha Radhakrishnan", "summary": "Software Developer | Salesforce 3X certified | Masters in CS @ Illinois Tech | Seeking new opportunities in Software Development and Salesforce", "location": null}, {"link": "https://www.linkedin.com/in/sadanand-kolhe?miniProfileUrn=urn%3Ali%3Afs_miniProfile%3AACoAACNOQMQBwHqtqU2eaQlLA9LYibdtSJXMTkE", "name": "Sadanand Kolhe", "summary": "Actively looking Co-Op, Full time | Software Developer | Java Developer |  Automating Excellence in Web and Desktop Apps | Polystore Database Research Assistant | Teaching Assistant", "location": null}], "recommendations": [], "activities": [], "similarly_named_profiles": [], "articles": [], "groups": [{"profile_pic_url": "https://media.licdn.com/dms/image/D5607AQG7bipm7ZScgQ/group-logo_image-shrink_400x400/0/1695559679938?e=1710190800&v=beta&t=VO11AGyGMhWE0ttDmjrYU4apHkjBQTZgx8FPjRfMsf0", "name": "Illinois Tech \ud835\uddd6\ud835\uddee\ud835\uddff\ud835\uddf2\ud835\uddf2\ud835\uddff \ud835\udde6\ud835\uddf2\ud835\uddff\ud835\ude03\ud835\uddf6\ud835\uddf0\ud835\uddf2\ud835\ude00", "url": "https://www.linkedin.com/groups/14088794"}], "skills": [], "inferred_salary": null, "gender": null, "birth_date": null, "industry": null, "extra": null, "interests": [], "personal_emails": [], "personal_numbers": []}
