{"public_identifier": "interlee", "profile_pic_url": "https://s3.us-west-000.backblazeb2.com/proxycurl/person/interlee/profile?X-Amz-Algorithm=AWS4-HMAC-SHA256&X-Amz-Credential=0004d7f56a0400b0000000001%2F20240305%2Fus-west-000%2Fs3%2Faws4_request&X-Amz-Date=20240305T011951Z&X-Amz-Expires=3600&X-Amz-SignedHeaders=host&X-Amz-Signature=80a089153f02a9a714391e6d8a42cd4b19f6f862b18920b0d71ee2cc9b3f21a1", "background_cover_image_url": "https://s3.us-west-000.backblazeb2.com/proxycurl/person/interlee/cover?X-Amz-Algorithm=AWS4-HMAC-SHA256&X-Amz-Credential=0004d7f56a0400b0000000001%2F20240305%2Fus-west-000%2Fs3%2Faws4_request&X-Amz-Date=20240305T011951Z&X-Amz-Expires=3600&X-Amz-SignedHeaders=host&X-Amz-Signature=935f8b3f01541faaff975acf0d1d25952b2f4d4f10402d8016a410704b9753ff", "first_name": "Daniel", "last_name": "Lee", "full_name": "Daniel Lee", "follower_count": null, "occupation": "Data Engineer at Northwestern University - Kellogg School of Management", "headline": "Data Engineer at Northwestern University - Kellogg School of Management", "summary": "- Over 18 years of IT experience in software/web applications development\n- Over 12 years of work experience in Higher Education\n- Over 10 years of working with data modeling and performance tuning optimization with various database solutions (Oracle, MySQL, SQL Server, MongoDB and Informix)\n- Extensive use of ETL tools (IBM DataStage, Pentaho Kettle, and Talend Studio) and familiarity with reporting tools (IBM Cognos, Pentaho BI Server/Report Designer, etc) \n- Programming languages: PHP, Java, Pro*C, PL/SQL, MySQL procedure, T*SQL, MongoDB MapReduce, Regular Expressions, Shell Scripting, CSS, Javascript, etc\n- Server Administration: Linux (Ubuntu, RedHat, CentOS, etc). MySQL server. Git/Jira/ETL server administration\n- An excellent team player as well as self-motivated independent problem solver\n- Leadership over a high performing web application development team through technical training and mentoring, and over evaluating/adopting technical platforms and trends\n\nSpecialties: Database Modeling, Database performance tuning and administration, Data Warehousing, Web Application Development, Tennis (USTA 4.5)", "country": "US", "country_full_name": "United States of America", "city": "Greater Chicago Area", "state": null, "experiences": [{"starts_at": {"day": 1, "month": 1, "year": 2016}, "ends_at": null, "company": "Illinois Institute of Technology", "company_linkedin_profile_url": "https://www.linkedin.com/company/illinois-tech", "title": "Adjunct Faculty", "description": "Teaching graduate level courses in data modeling/warehousing.", "location": "Greater Chicago Area", "logo_url": "https://media-exp1.licdn.com/dms/image/C4D0BAQEd6wnmQCCIHw/company-logo_100_100/0/1556827665561?e=2147483647&v=beta&t=w7RjDnBJwhzn6xLDq1aRK7KsSW8MH3LbkR4g_LZvitQ"}, {"starts_at": {"day": 1, "month": 9, "year": 2017}, "ends_at": null, "company": "Northwestern University - Kellogg School of Management", "company_linkedin_profile_url": "https://www.linkedin.com/company/kellogg-school-of-management", "title": "Data Engineer", "description": null, "location": "United States", "logo_url": "https://media-exp1.licdn.com/dms/image/C4E0BAQH0Ps4Kjp5XPw/company-logo_100_100/0/1519856026232?e=2147483647&v=beta&t=xZd7YA0S5NxD6Qd1grieNJ9mBApetTv11ZAXvpC3IFk"}, {"starts_at": {"day": 1, "month": 1, "year": 2014}, "ends_at": {"day": 30, "month": 9, "year": 2017}, "company": "Northwestern University", "company_linkedin_profile_url": "https://www.linkedin.com/company/northwestern-university", "title": "Data Warehouse Specialist", "description": null, "location": null, "logo_url": "https://media-exp1.licdn.com/dms/image/C4E0BAQH-sXOOSUF3aA/company-logo_100_100/0/1519856314413?e=2147483647&v=beta&t=MQxdYXh7z4diiFeVS3v1vqq3L46ohl_WjsmNmH4MOcg"}, {"starts_at": {"day": 1, "month": 4, "year": 2003}, "ends_at": {"day": 31, "month": 12, "year": 2013}, "company": "Northwestern University", "company_linkedin_profile_url": "https://www.linkedin.com/company/northwestern-university", "title": "Database/Web Applications Lead", "description": null, "location": null, "logo_url": "https://media-exp1.licdn.com/dms/image/C4E0BAQH-sXOOSUF3aA/company-logo_100_100/0/1519856314413?e=2147483647&v=beta&t=MQxdYXh7z4diiFeVS3v1vqq3L46ohl_WjsmNmH4MOcg"}, {"starts_at": {"day": 1, "month": 1, "year": 2000}, "ends_at": {"day": 31, "month": 8, "year": 2002}, "company": "Samsung SDS", "company_linkedin_profile_url": "https://www.linkedin.com/company/samsung-sds", "title": "Senior Software Engineer", "description": null, "location": null, "logo_url": "https://media-exp1.licdn.com/dms/image/C510BAQEs-uMoM-q85Q/company-logo_100_100/0/1524038442467?e=2147483647&v=beta&t=rsZioGbdKtpKjjmi1qegtL81jzmUGPeYoLh8cYrcszA"}, {"starts_at": {"day": 1, "month": 11, "year": 1997}, "ends_at": {"day": 31, "month": 12, "year": 2001}, "company": "ICAN Systems Inc.", "company_linkedin_profile_url": "https://www.linkedin.com/company/ican-systems-inc.", "title": "Senior Software Engineer", "description": null, "location": null, "logo_url": "https://media-exp1.licdn.com/dms/image/C4D0BAQHHvNMZTldyPA/company-logo_100_100/0/1519886614417?e=2147483647&v=beta&t=jYhVlFXr-9oi711cqVWt7Jtwd_fbIgIyllcegblVEGk"}], "education": [{"starts_at": {"day": 1, "month": 1, "year": 2016}, "ends_at": {"day": 31, "month": 12, "year": 2020}, "field_of_study": null, "degree_name": null, "school": "Illinois Institute of Technology", "school_linkedin_profile_url": null, "description": null, "logo_url": "https://media-exp1.licdn.com/dms/image/C4D0BAQEd6wnmQCCIHw/company-logo_100_100/0/1556827665561?e=2147483647&v=beta&t=w7RjDnBJwhzn6xLDq1aRK7KsSW8MH3LbkR4g_LZvitQ", "grade": null, "activities_and_societies": null}, {"starts_at": {"day": 1, "month": 1, "year": 2005}, "ends_at": {"day": 31, "month": 12, "year": 2009}, "field_of_study": "Computer Information Systems", "degree_name": "MS", "school": "Northwestern University", "school_linkedin_profile_url": null, "description": null, "logo_url": "https://media-exp1.licdn.com/dms/image/C4E0BAQH-sXOOSUF3aA/company-logo_100_100/0/1519856314413?e=2147483647&v=beta&t=MQxdYXh7z4diiFeVS3v1vqq3L46ohl_WjsmNmH4MOcg", "grade": null, "activities_and_societies": null}, {"starts_at": {"day": 1, "month": 1, "year": 1989}, "ends_at": {"day": 31, "month": 12, "year": 1997}, "field_of_study": "Library and Information Science", "degree_name": "Master of Science (MS)", "school": "Yonsei University", "school_linkedin_profile_url": null, "description": null, "logo_url": "https://media-exp1.licdn.com/dms/image/C560BAQFETCFzsdANRg/company-logo_100_100/0/1519862402482?e=2147483647&v=beta&t=vwXI-Vv7ibJsk2WiKC2iTTVjg4m8TEmJTgNVhgg2ecQ", "grade": null, "activities_and_societies": null}], "languages": ["Korean", "English"], "accomplishment_organisations": [], "accomplishment_publications": [], "accomplishment_honors_awards": [], "accomplishment_patents": [], "accomplishment_courses": [], "accomplishment_projects": [], "accomplishment_test_scores": [], "volunteer_work": [], "certifications": [], "connections": 500, "people_also_viewed": [], "recommendations": [], "activities": [{"title": "#erie #composite #teamwork #capabilities #community #makingadifference", "link": "https://www.linkedin.com/signup/cold-join", "activity_status": "Liked by Daniel Lee"}, {"title": "Truly Believing In Our #companyvalues - We take great pride in the quality of our products and the purpose they serve in society.  #workingtogether\u2026", "link": "https://www.linkedin.com/signup/cold-join", "activity_status": "Liked by Daniel Lee"}, {"title": "I am honored to be inducted for my academic achievements into Upsilon Pi Epsilon(UPE), the international Honor Society for the Computing and\u2026", "link": "https://www.linkedin.com/signup/cold-join", "activity_status": "Liked by Daniel Lee"}, {"title": "Proud of my husband Bob.", "link": "https://www.linkedin.com/posts/northwestern-msds-slc_we-proudly-introduce-the-2022-northwestern-share-6892878601499271168--XCA", "activity_status": "Liked by Daniel Lee"}, {"title": "#erie #composite #teamwork #capabilities #community #makingadifference", "link": "https://www.linkedin.com/posts/composiflex_truly-believing-in-our-companyvalues-we-share-6646024131013824512-TaAM", "activity_status": "Liked by Daniel Lee"}, {"title": "Truly Believing In Our #companyvalues - We take great pride in the quality of our products and the purpose they serve in society.  #workingtogether\u2026", "link": "https://www.linkedin.com/posts/composiflex_truly-believing-in-our-companyvalues-we-share-6646024131013824512-TaAM", "activity_status": "Liked by Daniel Lee"}], "similarly_named_profiles": [{"name": "Daniel Lee", "link": "https://au.linkedin.com/in/daniel-lee-plum", "summary": "Principal / Director: Plum Property", "location": "Brisbane, QLD"}, {"name": "Daniel Lee", "link": "https://www.linkedin.com/in/danleedata", "summary": "\ud83d\ude80 Land Top Jobs with DataInterview.com (Ex-Google)", "location": "San Francisco Bay Area"}, {"name": "Daniel Lee", "link": "https://tw.linkedin.com/in/chiehchunlee", "summary": "Manager of Product Development, B2C @KKday", "location": "Taiwan"}, {"name": "Daniel Lee", "link": "https://www.linkedin.com/in/daniel-lee-14207159", "summary": "Junior Data Scientist, Junior Data Engineer at Wells Fargo", "location": "Alameda, CA"}, {"name": "Daniel Lee", "link": "https://www.linkedin.com/in/daniel-lee-b1889725", "summary": "Managing Partner at Healthcare Green Partners", "location": "Annandale, VA"}, {"name": "Daniel Lee", "link": "https://kr.linkedin.com/in/hrkorea", "summary": "People and Culture Manager", "location": "Seoul, South Korea"}], "articles": [], "groups": [{"profile_pic_url": "https://media-exp1.licdn.com/dms/image/C5607AQGIjjpHnxCe3w/group-logo_image-shrink_92x92/0/1635240298235?e=2147483647&v=beta&t=U9pe0BfyRBEt5uoWjG4peUeQVr6xHmCMmafgYvjsdIA", "name": "MongoDB University for Database Administrators", "url": "https://www.linkedin.com/groups/4916171"}, {"profile_pic_url": "https://media-exp1.licdn.com/dms/image/C5607AQEZmUK40KTR3g/group-logo_image-shrink_92x92/0/1635240252096?e=2147483647&v=beta&t=rdgRZA3ye-q6qo8rdJfQCqb_-3KpcLoMg2nle0PwEnI", "name": "MongoDB University for Developers", "url": "https://www.linkedin.com/groups/4916144"}, {"profile_pic_url": "https://media-exp1.licdn.com/dms/image/C5107AQHtntgCGO8g9A/group-logo_image-shrink_200x200/0/1631413794696?e=2147483647&v=beta&t=DbbCwDMDtWyutBC-py7511TDEfezo3tlaZbmqR78BDQ", "name": "McCormick and Law Event in Washington DC", "url": "https://www.linkedin.com/groups/3016381"}, {"profile_pic_url": "https://media-exp1.licdn.com/dms/image/C4E07AQFSnTojtGsfag/group-logo_image-shrink_92x92/0/1631004949201?e=2147483647&v=beta&t=QLMwLgoKc5KoZpdCY0fJaeaTs3KRUG-ef8moFfkdnps", "name": "Data Analytics Study Group - LinkedIn Learning", "url": "https://www.linkedin.com/groups/12272422"}, {"profile_pic_url": "https://media-exp1.licdn.com/dms/image/C4D07AQH-AdvDCZQ2zg/group-logo_image-shrink_200x200/0/1631362317154?e=2147483647&v=beta&t=0iFoHjNFW1oCfaAzz046ZSVju2PhB8K60nDKm8KmwAc", "name": "Chicago/Midwest Pentaho Users Group", "url": "https://www.linkedin.com/groups/3676862"}], "skills": [], "inferred_salary": null, "gender": null, "birth_date": null, "industry": null, "extra": null, "interests": [], "personal_emails": ["daniellee@northwestern.edu", "dlee@iit.edu"], "personal_numbers": []}
