{"public_identifier": "ishanprabhune", "profile_pic_url": "https://s3.us-west-000.backblazeb2.com/proxycurl/person/ishanprabhune/profile?X-Amz-Algorithm=AWS4-HMAC-SHA256&X-Amz-Credential=0004d7f56a0400b0000000001%2F20240305%2Fus-west-000%2Fs3%2Faws4_request&X-Amz-Date=20240305T223235Z&X-Amz-Expires=3600&X-Amz-SignedHeaders=host&X-Amz-Signature=10580e6aedf42f497da7da8cb00ecd19986fcb125159e7ea6fc7f73679fd7d2f", "background_cover_image_url": "https://s3.us-west-000.backblazeb2.com/proxycurl/person/ishanprabhune/cover?X-Amz-Algorithm=AWS4-HMAC-SHA256&X-Amz-Credential=0004d7f56a0400b0000000001%2F20240305%2Fus-west-000%2Fs3%2Faws4_request&X-Amz-Date=20240305T223235Z&X-Amz-Expires=3600&X-Amz-SignedHeaders=host&X-Amz-Signature=07b0f82eb535d93b02f1228a51bf0bd9ecb29e44e0e2e6aee90ed74228fcd410", "first_name": "Ishan", "last_name": "Prabhune", "full_name": "Ishan Prabhune", "follower_count": 225, "occupation": "Data Analyst at Excelerate", "headline": "Seeking Summer 2024 Internship/Coop | MS ITM Data Analytics @ Illinois Tech", "summary": "\ud83d\udc4b Hello! I'm Ishan Prabhune, a determined and passionate student based in Chicago, Illinois. My journey is marked by my excitement for learning, creating, managing, and delivering innovative solutions to organizational challenges. I thrive on collaborating within dynamic teams and leveraging my exceptional technology skills to drive results in fast-growing and innovative companies.\n\n\ud83d\udcda Currently pursuing a Masters in Information Technology & Management at the Illinois Institute of Technology, I aim to blend my technical prowess with strategic insights to contribute to the digital landscape.\n\n\ud83c\udf93 My educational foundation includes a Bachelor of Engineering in Mechanical Engineering from Savitribai Phule Pune University, along with a Diploma in Mechanical Engineering from Maharashtra State Board of Technical Education.\n\n\ud83d\udcbc As a Software Developer, I've honed my skills in a range of technologies, including Flutter, React, and Firebase. At Biencaps Systems Pvt Ltd, I developed cross-platform mobile applications, while at My Future Town Pvt Ltd, I contributed to responsive front-end websites and web apps.\n\n\ud83d\udee0\ufe0f I'm proficient in programming languages such as C, Java, Javascript, and Python, and I have hands-on experience with SQL and Data Structures. My language proficiency extends to English, Hindi, and Marathi.\n\n\ud83d\ude4c Beyond work, I'm an advocate for community involvement. I've volunteered at events like Sinhgad Karandak, and I've been an active member of the Mechanical Engineering Students Association and SAE SUPRA.\n\n\ud83d\udce9 Feel free to connect with me if you share a passion for technology, innovation, and collaboration. Let's explore how we can make an impact together!", "country": "US", "country_full_name": "United States of America", "city": "Chicago", "state": "Illinois", "experiences": [{"starts_at": {"day": 1, "month": 6, "year": 2023}, "ends_at": {"day": 31, "month": 7, "year": 2023}, "company": "Excelerate", "company_linkedin_profile_url": "https://www.linkedin.com/company/4excelerate/", "title": "Data Analyst", "description": "Data Visualisation Virtual Internship associated with Illinois Institute of Technology", "location": null, "logo_url": "https://media.licdn.com/dms/image/D4D0BAQFsKCE82AoD_Q/company-logo_400_400/0/1689287580187?e=1707955200&v=beta&t=T8zuBac0Ht1NnIuW4h4i_c0y8pMpjHRKNPK4jeUQqr8"}, {"starts_at": {"day": 1, "month": 6, "year": 2023}, "ends_at": {"day": 31, "month": 7, "year": 2023}, "company": "Excelerate", "company_linkedin_profile_url": "https://www.linkedin.com/company/4excelerate/", "title": "Cyber Security Engineer", "description": "Cybersecurity Virtual Internship associated with Illinois Institute of Technology & CISCO", "location": null, "logo_url": "https://media.licdn.com/dms/image/D4D0BAQFsKCE82AoD_Q/company-logo_400_400/0/1689287580187?e=1707955200&v=beta&t=T8zuBac0Ht1NnIuW4h4i_c0y8pMpjHRKNPK4jeUQqr8"}, {"starts_at": {"day": 1, "month": 12, "year": 2022}, "ends_at": {"day": 30, "month": 6, "year": 2023}, "company": "Biencaps System Pvt. Ltd.", "company_linkedin_profile_url": "https://www.linkedin.com/company/biencaps-systems-india-pvt-ltd/", "title": "Software Engineer", "description": "Flutter Mobile App Development\nWorked on creating UI/UX screens and widgets for Applications using Flutter using Figma.\nDesigned multiple dynamic mobile and browser compatible pages.", "location": "Pune, Maharashtra, India", "logo_url": "https://media.licdn.com/dms/image/C4E0BAQF-rSUvM0XGzQ/company-logo_400_400-alternative/0/1630642378837/biencaps_system_india_pvt_ltd_logo?e=1707955200&v=beta&t=oXWrxp1hf9xQD6oWvKnMLsyHahjCCwFuiAJy8AYMHlg"}, {"starts_at": {"day": 1, "month": 8, "year": 2021}, "ends_at": {"day": 30, "month": 11, "year": 2022}, "company": "My Future Town", "company_linkedin_profile_url": "https://www.linkedin.com/company/my-future-town/", "title": "Associate Software Engineer", "description": "Web Development (React)\nDeveloped responsive front-end websites and webapps using React.", "location": "Pune, Maharashtra, India", "logo_url": "https://media.licdn.com/dms/image/C4E0BAQGRV5tTvtju-w/company-logo_400_400/0/1630645025297?e=1707955200&v=beta&t=JOcFF6ON4lgijOl16UquMbUySYF5vCCFhMkgBMB1IRc"}], "education": [{"starts_at": {"day": 1, "month": 8, "year": 2023}, "ends_at": null, "field_of_study": "Information Technology and Management", "degree_name": "Master's degree", "school": "Illinois Institute of Technology", "school_linkedin_profile_url": null, "description": null, "logo_url": "https://media.licdn.com/dms/image/C4D0BAQEd6wnmQCCIHw/company-logo_400_400/0/1630559679535/illinois_institute_of_technology_logo?e=1707955200&v=beta&t=b56ljNA2mpQ6Kfxsl034Sk9sPO67KxhtehtM9QyhD_g", "grade": null, "activities_and_societies": null}, {"starts_at": {"day": 1, "month": 8, "year": 2018}, "ends_at": {"day": 31, "month": 7, "year": 2021}, "field_of_study": null, "degree_name": "Bachelor of Engineering - BE Mechanical ", "school": "Savitribai Phule Pune University", "school_linkedin_profile_url": null, "description": null, "logo_url": "https://media.licdn.com/dms/image/C4E0BAQEFsIyAZyuMwA/company-logo_400_400/0/1631345386058?e=1707955200&v=beta&t=Is98fOVt8Rq6lsdmpswfoEBI9xFy3PK8nVVKM8SHB74", "grade": null, "activities_and_societies": null}, {"starts_at": {"day": 1, "month": 7, "year": 2015}, "ends_at": {"day": 30, "month": 6, "year": 2018}, "field_of_study": "Mechanical Engineering", "degree_name": "Diploma of Education", "school": "Maharashtra State Board of Technical Education, Mumbai", "school_linkedin_profile_url": null, "description": null, "logo_url": null, "grade": null, "activities_and_societies": null}, {"starts_at": null, "ends_at": null, "field_of_study": null, "degree_name": "10th Grade", "school": "Central Board of Secondary Education", "school_linkedin_profile_url": null, "description": null, "logo_url": "https://media.licdn.com/dms/image/C4D0BAQHq29ObkBlk_A/company-logo_400_400/0/1631336209533?e=1707955200&v=beta&t=FuBGgIivOuwXQYxH4BejRn-5o_oDa2O8NjcM_mSMa98", "grade": null, "activities_and_societies": null}], "languages": ["English", "Hindi", "Marathi"], "accomplishment_organisations": [], "accomplishment_publications": [], "accomplishment_honors_awards": [], "accomplishment_patents": [], "accomplishment_courses": [], "accomplishment_projects": [], "accomplishment_test_scores": [{"name": "IELTS", "score": "7.5 Band", "date_on": {"day": 1, "month": 11, "year": 2021}, "description": null}], "volunteer_work": [{"starts_at": null, "ends_at": null, "title": "Supra", "cause": null, "company": "SAEINDIA", "company_linkedin_profile_url": "https://www.linkedin.com/company/saeindia/", "description": "Member of SAE Supra", "logo_url": "https://media.licdn.com/dms/image/C560BAQFeCmTH0mQRAA/company-logo_400_400/0/1630636162036/saeindia_logo?e=1707955200&v=beta&t=0xXeXV44JM3Ygg3DwsBSeh5wlf1a6lk7P8PIfU9R72U"}, {"starts_at": {"day": 1, "month": 7, "year": 2015}, "ends_at": {"day": 30, "month": 6, "year": 2021}, "title": "Member", "cause": null, "company": "Sinhgad Institutes", "company_linkedin_profile_url": "https://www.linkedin.com/company/sinhgad-institutes/", "description": "Mechanical Engineering Students Association (MESA)", "logo_url": "https://media.licdn.com/dms/image/C510BAQGek_UPUd9pjg/company-logo_400_400/0/1631409575869/sinhgad_institutes_logo?e=1707955200&v=beta&t=C4UPCugm-5_c8ZbEthG9nBldV5Bl4KLC6q2HuW_GG-8"}, {"starts_at": null, "ends_at": null, "title": "Volunteer", "cause": null, "company": "Sinhgad College of Engineering", "company_linkedin_profile_url": "https://www.linkedin.com/school/sinhgad-college-of-engineering/", "description": "Sinhgad Karandak ", "logo_url": "https://media.licdn.com/dms/image/C4E0BAQGvnYd1TSSKxA/company-logo_400_400/0/1630587015848/sinhgad_college_of_engineering_logo?e=1707955200&v=beta&t=DqE4J0AEf4XjHkBO3N4JyuGVU0To7Muj2w6Lx_YKcVY"}], "certifications": [{"starts_at": {"day": 1, "month": 7, "year": 2022}, "ends_at": null, "name": "Web Development Bootcamp", "license_number": "UC-8b7cb9db-356b-4921-8264-f9fcc91daf43", "display_source": "ude.my", "authority": "Udemy", "url": "http://ude.my/UC-8b7cb9db-356b-4921-8264-f9fcc91daf43"}, {"starts_at": {"day": 1, "month": 6, "year": 2022}, "ends_at": null, "name": "Python", "license_number": "UC-8506a53f-d985-495f-8b61-294ad7cb3d90", "display_source": "ude.my", "authority": "Udemy", "url": "http://ude.my/UC-8506a53f-d985-495f-8b61-294ad7cb3d90"}, {"starts_at": {"day": 1, "month": 2, "year": 2022}, "ends_at": null, "name": "Linkedin Project Management", "license_number": "AZ9KTrzpVwOT78yU8ZnYlg3ctsg4", "display_source": null, "authority": "LinkedIn", "url": null}, {"starts_at": {"day": 1, "month": 1, "year": 2022}, "ends_at": null, "name": "Ansys Workbench-Analysis Engineering Training Programme ", "license_number": "UC-5a29b602-060e-4ca5-bce6-b26e6d19d8a5", "display_source": "ude.my", "authority": "Udemy", "url": "http://ude.my/UC-5a29b602-060e-4ca5-bce6-b26e6d19d8a5"}, {"starts_at": {"day": 1, "month": 1, "year": 2022}, "ends_at": null, "name": "Solidworks", "license_number": "UC-917ab5e3-aa78-41ab-92cf-ac8c51dd5cd5", "display_source": "ude.my", "authority": "Udemy", "url": "http://ude.my/UC-917ab5e3-aa78-41ab-92cf-ac8c51dd5cd5"}, {"starts_at": null, "ends_at": null, "name": "Matlab Onramp", "license_number": null, "display_source": null, "authority": "MathWorks", "url": null}], "connections": null, "people_also_viewed": [{"link": "https://www.linkedin.com/in/hrishikesh26", "name": "Hrishikesh Pawar", "summary": "MS ITM@IITC'23 | Actively seeking Summer 2024 Internship/Coop | Specialization coursework in Data Analytics and management | AWS Certified | Azure A.I. 900 Certified | Data Enthusiast", "location": null}, {"link": "https://www.linkedin.com/in/akshithabedre", "name": "Akshitha Bedre Shivakumar", "summary": "Seeking Summer Internship-2024 | Graduate student at Illinois Institute of Technology | MS in Computer Science | Aspiring Data Analyst", "location": null}, {"link": "https://www.linkedin.com/in/harshal29", "name": "Harshal S.", "summary": "Actively Looking for Summer 2024 internship/Co-op | Graduate Student at Illinois Tech | Information Technology and Management", "location": null}, {"link": "https://www.linkedin.com/in/ch-divyesh-b17a9a171", "name": "Ch Divyesh", "summary": "MS in ITM, Data Analytics at Illinois tech | Ex - Software Engineer at Cognizant", "location": null}, {"link": "https://www.linkedin.com/in/sahana-h", "name": "Sahana Hemraj", "summary": "Computer Science Graduate Student @ Illinois Institute of Technology", "location": null}, {"link": "https://www.linkedin.com/in/vaishnavi-shankar-devadig", "name": "Vaishnavi Shankar Devadig", "summary": "Graduate Teaching Assistant (Data Preparation and Analysis) | Google Professional Data Analytics | AWS Certified Cloud Practitioner | MAS, Data Science at Illinois Institute of Technology | Ex-VMware", "location": null}, {"link": "https://www.linkedin.com/in/ming-x-0748b3263", "name": "Ming X.", "summary": "Software Development(Backend)|System Design|CS Master in Illinois Institute of Technology", "location": null}, {"link": "https://www.linkedin.com/in/sohamsonar23", "name": "Soham Sonar", "summary": "Actively looking for summer 2024 Internship | Graduate Student at Illinois Tech | Software Developer", "location": null}, {"link": "https://www.linkedin.com/in/sakshi-sirsat-aa2976188", "name": "Sakshi Sirsat", "summary": "Actively looking for co-op/full-time opportunities || MS-ITM, Illinois Institute of Technology.", "location": null}, {"link": "https://www.linkedin.com/in/vishwas-soni-630651238", "name": "Vishwas Soni", "summary": "Actively seeking Intern 2024 Opportunities || Bachelors In Civil engineering || Ms in Construction engineering and management", "location": null}], "recommendations": [], "activities": [], "similarly_named_profiles": [], "articles": [], "groups": [], "skills": [], "inferred_salary": null, "gender": null, "birth_date": null, "industry": null, "extra": null, "interests": [], "personal_emails": [], "personal_numbers": []}
