{"public_identifier": "mauricedawson", "profile_pic_url": "https://s3.us-west-000.backblazeb2.com/proxycurl/person/mauricedawson/profile?X-Amz-Algorithm=AWS4-HMAC-SHA256&X-Amz-Credential=0004d7f56a0400b0000000001%2F20240305%2Fus-west-000%2Fs3%2Faws4_request&X-Amz-Date=20240305T011952Z&X-Amz-Expires=3600&X-Amz-SignedHeaders=host&X-Amz-Signature=c2018b8d62513935f6d2c9eb5328e4f9fcad6c6fc52cff5bf302d236faf15a91", "background_cover_image_url": null, "first_name": "Dr. Maurice", "last_name": "Dawson Jr.", "full_name": "Dr. Maurice Dawson Jr.", "follower_count": null, "occupation": "Director of the Center for Cyber Security and Forensics Education & Asst Prof of Info Tech and Mgmt at Illinois Institute of Technology", "headline": "Cybersecurity Center Director  at Illinois Tech | Fulbright Scholar 5x | 2021 Researcher to Know | 40 under 40 in Cybersecurity 2022", "summary": "Dr. Maurice Dawson is an Assistant Professor of Information Technology and Management within the College of Computing at Illinois Institute of Technology.   Additionally, he serves as Director and Distinguished Member of the Center for Cyber Security and Forensics Education (C2SAFE). Before joining academia, he was an engineering manager for unmanned air systems and senior program manager for rotary-wing aircraft.  Dawson completed a postdoctoral study in Systems and Information Technology (IT) at University Fernando Pessoa. He has a Doctor of Computer Science from Colorado Technical University and a Doctor of Philosophy in Cyber Security from the Intelligent Systems Research Centre at London Metropolitan University.  Dawson has recently received his fourth Fulbright Scholar Grant to teach and conduct research at the Botswana International University of Science and Technology. Additionally, he is the co-editor of Developing Next-Generation Countermeasures for Homeland Security Threat Prevention and New Threats and Countermeasures in Digital Crime and Cyber Terrorism, published by IGI Global in 2017, and 2015 respectively. The United States (US) Department of Defense (DoD) 8140 recognized him for the roles of Information Assurance Manager (IAM) Level II & III, Cyber Security Service Provider (CSSP) Manager, and Information Assurance Systems Architect and Engineer (IASAE) I & II. His research areas are cyber operations, software assurance, cyber strategy, and cyber-terrorism.", "country": "US", "country_full_name": "United States of America", "city": "Greater Chicago Area", "state": null, "experiences": [{"starts_at": {"day": 1, "month": 7, "year": 2018}, "ends_at": null, "company": "Illinois Institute of Technology", "company_linkedin_profile_url": "https://www.linkedin.com/school/illinois-tech/", "title": "Director of the Center for Cyber Security and Forensics Education & Asst Prof of Info Tech and Mgmt", "description": "Serving as an Assistant Professor of Information Technology and Management within the College of Computing at Illinois Institute of Technology.  Additionally, serving as Director of the National Center for Academic Excellence in Cyber Security Education and responsible for working with the faculty who are members of this center.", "location": "Greater Chicago Area", "logo_url": "https://media.licdn.com/dms/image/C4D0BAQEd6wnmQCCIHw/company-logo_400_400/0/1556827665561?e=1692230400&v=beta&t=gY5h15e8F68eSh0SZQuUeY5LzasPvl2xnoKyBXaC2kc"}, {"starts_at": {"day": 1, "month": 4, "year": 2023}, "ends_at": {"day": 1, "month": 4, "year": 2023}, "company": "AAB College", "company_linkedin_profile_url": "https://www.linkedin.com/school/aab-college/", "title": "Fulbright Scholar", "description": null, "location": "Pristina, District of Pristina, Kosovo", "logo_url": "https://media.licdn.com/dms/image/C510BAQF3-w-pEEn0BQ/company-logo_400_400/0/1519900528720?e=1692230400&v=beta&t=kUCeJY7XoWvLHLkzR3KAJ8WMtrFFwdS1IQeg9Gwvlog"}, {"starts_at": {"day": 1, "month": 9, "year": 2015}, "ends_at": {"day": 1, "month": 6, "year": 2022}, "company": "American Leadership and Policy Foundation", "company_linkedin_profile_url": "https://www.linkedin.com/company/the-american-leadership-&-policy-foudation/", "title": "Senior Research Fellow", "description": "Senior Research Fellow at the American Leadership and Policy Foundation and a member of its technology team.", "location": "Kansas City, Missouri Area", "logo_url": "https://media.licdn.com/dms/image/C4E0BAQGGlMB5UGbI_w/company-logo_400_400/0/1519875621197?e=1692230400&v=beta&t=hrLm4hpfrruEmfi7aD-nnl2STFbkRpHu8D9NRJwH24g"}, {"starts_at": {"day": 1, "month": 1, "year": 2021}, "ends_at": {"day": 1, "month": 6, "year": 2021}, "company": "Botswana International University of Science & Technology", "company_linkedin_profile_url": "https://www.linkedin.com/company/botswana-international-university-of-science-technilogy/", "title": "Fulbright Scholar", "description": "Servedas a Fulbright Scholar in the Department of Computer Science and Information Systems at Botswana International University of Science and Technology (BIUST).  The role was to teach an undergraduate course in Operating Systems Cyber Security while the primary task was to conduct research.  Worked on projects with the Botswana Defence Forces (BDF),  Botswana Power Corporation (BPC), South African Development Community (SADC), and others.", "location": "Palapye, Central District, Botswana", "logo_url": "https://media.licdn.com/dms/image/C4D0BAQGV6OGvY83fqg/company-logo_400_400/0/1548774089523?e=1692230400&v=beta&t=vL8BTmeRUHbYVikFPJjBOwF0tIfQhquFUKTSXI1JjT8"}, {"starts_at": {"day": 1, "month": 10, "year": 2019}, "ends_at": {"day": 1, "month": 12, "year": 2019}, "company": "Institut Sup\u00e9rieur des Etudes Technologiques en Communications de Tunis", "company_linkedin_profile_url": "https://www.linkedin.com/school/iset'com/", "title": "Visiting Researcher", "description": "Served as a visiting researcher.", "location": null, "logo_url": "https://media.licdn.com/dms/image/C4E0BAQECRNC-OpvxcQ/company-logo_400_400/0/1519897502873?e=1692230400&v=beta&t=1D9NmSbAWe8BIx9Ne8p6pc6dYfz1Jj_XdECNZJ9WPd8"}, {"starts_at": {"day": 1, "month": 10, "year": 2015}, "ends_at": {"day": 1, "month": 7, "year": 2019}, "company": "IGI Global", "company_linkedin_profile_url": "https://www.linkedin.com/company/igiglobal/", "title": "Editor in Chief of the International Journal of Hyperconnectivity and the Internet of Things", "description": "The mission of the International Journal of Hyperconnectivity and the Internet of Things (IJHIoT) is to explore a range of related topics and generate research debates in relation to cyber security, hyperconnectivity, Internet of Things (IoT), Web of Things (WoT), and Internet of Everything (IoE). Targeting researchers, practitioners, academicians, government officials, military professionals and other industry professionals, IJHIoT provides a forum to discuss technical, human, societal, and policy issues in relation to hyperconnectivity, and IoT. Articles published in IJHIoT deal with a vast number of issues concerning usage, failure, success, policies, strategies, security concerns, the development, and integration of IoT applications in organizations in and across developed, emerging and developing nations.", "location": "Greater Chicago Area", "logo_url": "https://media.licdn.com/dms/image/C4E0BAQEVAkVAOj_kXg/company-logo_400_400/0/1646838788987?e=1692230400&v=beta&t=Xb8kvP4Fi0g0mEGyrXszGTe87mqanaK0HRNgUajTTmA"}, {"starts_at": {"day": 1, "month": 1, "year": 2019}, "ends_at": {"day": 1, "month": 4, "year": 2019}, "company": "Technical University Munich", "company_linkedin_profile_url": "https://www.linkedin.com/school/technische-universitat-munchen/", "title": "Visiting Assistant Professor", "description": "Served as a Visiting Assistant Professor at the Technical University Munich researching cybersecurity and the Internet of Things (IoT).", "location": "Munich Area, Germany", "logo_url": "https://media.licdn.com/dms/image/C4D0BAQEyP6R-fPElYg/company-logo_400_400/0/1575562167047?e=1692230400&v=beta&t=77YbC8TXg0GEOL2xB0EEb-bImUlrhdXHmGhOfTQFVkA"}, {"starts_at": {"day": 1, "month": 1, "year": 2014}, "ends_at": {"day": 1, "month": 1, "year": 2019}, "company": "iHyperconnectivity Lab", "company_linkedin_profile_url": "https://www.linkedin.com/company/ihyperconnectivity-lab/", "title": "Founder", "description": "Founder of the iHyperconnectivity Lab which is a research based group focused on hyperconnectivity, Internet of Things (IoT), and other emerging technologies.", "location": "Greater Chicago Area", "logo_url": "https://media.licdn.com/dms/image/C4E0BAQF1OwY_QgaymA/company-logo_400_400/0/1548729975461?e=1692230400&v=beta&t=ZTyS0YwaYlftf0lTuqp935_gXUZNdqt0KMRD6KbFa_o"}, {"starts_at": {"day": 1, "month": 7, "year": 2016}, "ends_at": {"day": 1, "month": 7, "year": 2018}, "company": "Midwest Association of Information Systems", "company_linkedin_profile_url": null, "title": "Membership and Publicity Director", "description": "Serving on the MWAIS Executive Committee as the Membership & Publicity Director and the Newsletter Editor.", "location": "Midwest United States", "logo_url": null}, {"starts_at": {"day": 1, "month": 7, "year": 2014}, "ends_at": {"day": 1, "month": 7, "year": 2018}, "company": "University of Missouri - St. Louis", "company_linkedin_profile_url": "https://www.linkedin.com/school/university-of-missouri---st.-louis/", "title": "Assistant Professor of Information Systems", "description": "Served as an Assistant Professor of Information Systems \u2013 Cyber Security with the role of developing a Center of Excellence for Cyber Security. Additional role includes obtaining degree accreditation with Committee on National Security Standards (CNSS), and preparation to become a National Security Agency (NSA) & Department of Homeland Security (DHS) Center of Academic Excellence (CAE) which the university obtained April 2016. Developing innovative coursework such as software assurance and advanced cyber security concepts. Received a research fellowship through the American Policy & Leadership Foundation (ALPF) as a Senior Research Fellow, received the International Studies & Program (ISP) Fellowship, and awarded 3 Fulbright Scholar Specialist grants.  Currently an International Business (IB) Research Associate in the UMSL International Business Institute (IBI).", "location": "Greater St. Louis Area", "logo_url": "https://media.licdn.com/dms/image/C510BAQHfGF3C-K8lwQ/company-logo_400_400/0/1519856187312?e=1692230400&v=beta&t=4dxb43BVt1ydjNOaW30dh7VYaA0RdLyVjRXVLhxJVsU"}], "education": [{"starts_at": {"day": 1, "month": 1, "year": 2016}, "ends_at": {"day": 1, "month": 1, "year": 2017}, "field_of_study": "Hyper-connectivity: Intricacies of national and international cyber securities", "degree_name": "Doctor of Philosophy - PhD", "school": "London Metropolitan University", "school_linkedin_profile_url": null, "description": null, "logo_url": "https://media.licdn.com/dms/image/C4D0BAQFlF6HLsmM7IA/company-logo_400_400/0/1625149732089?e=1692230400&v=beta&t=zp1-xxE5G5Xq0pbf4CVAi3MorBcg8A2ziGbwNqdxHpU", "grade": null, "activities_and_societies": null}, {"starts_at": {"day": 1, "month": 1, "year": 2020}, "ends_at": {"day": 1, "month": 1, "year": 2021}, "field_of_study": "Information Systems and Technology (Cyber Warfare)", "degree_name": "Postdoctoral", "school": "Universidade Fernando Pessoa", "school_linkedin_profile_url": null, "description": null, "logo_url": "https://media.licdn.com/dms/image/C4D0BAQGIv8acZxjZJA/company-logo_400_400/0/1544114789543?e=1692230400&v=beta&t=poIfXCFhhSMYfSYZrdpDgqnc2deV4sFaHkarFLnQWzI", "grade": null, "activities_and_societies": null}, {"starts_at": {"day": 1, "month": 1, "year": 2006}, "ends_at": {"day": 1, "month": 1, "year": 2009}, "field_of_study": "Computer Science", "degree_name": "Doctor's Degree", "school": "Colorado Technical University", "school_linkedin_profile_url": null, "description": null, "logo_url": "https://media.licdn.com/dms/image/C510BAQFmIfDn2MA1FQ/company-logo_400_400/0/1519856083211?e=1692230400&v=beta&t=hdABUA3thBeCZ_gcnRXGP0GB6DGdxKlBCBMZ_5osDE0", "grade": null, "activities_and_societies": null}, {"starts_at": {"day": 1, "month": 3, "year": 2023}, "ends_at": {"day": 1, "month": 3, "year": 2023}, "field_of_study": "Operational Level Energy Security", "degree_name": "Certificate", "school": "Baltic Defence College", "school_linkedin_profile_url": null, "description": null, "logo_url": null, "grade": null, "activities_and_societies": null}, {"starts_at": {"day": 1, "month": 1, "year": 2022}, "ends_at": {"day": 1, "month": 1, "year": 2022}, "field_of_study": "Cyber Defence Policy on National and International Levels", "degree_name": "Certificate", "school": "European Security and Defence College (ESDC)", "school_linkedin_profile_url": null, "description": null, "logo_url": "https://media.licdn.com/dms/image/C560BAQG6wuEGCfWmDQ/company-logo_400_400/0/1521469941630?e=1692230400&v=beta&t=DMUrNEWXfL2FFuq5bxCZrFM8t2H4mZRaf9ciIe8WKFY", "grade": null, "activities_and_societies": null}, {"starts_at": {"day": 1, "month": 1, "year": 2012}, "ends_at": {"day": 1, "month": 1, "year": 2012}, "field_of_study": "Public Policy Analysis", "degree_name": "Graduate Certificate", "school": "Walden University", "school_linkedin_profile_url": null, "description": null, "logo_url": "https://media.licdn.com/dms/image/C560BAQGyt-7PZa36Vg/company-logo_400_400/0/1657051915402?e=1692230400&v=beta&t=8kDGeTPmPfzqmlpUVKgjdWVNs9KgTnyRO-LPkfB3VVc", "grade": null, "activities_and_societies": null}, {"starts_at": {"day": 1, "month": 1, "year": 2010}, "ends_at": {"day": 1, "month": 1, "year": 2010}, "field_of_study": "Business Administration and Management, General", "degree_name": "Master of Business Administration - MBA", "school": "Colorado Technical University", "school_linkedin_profile_url": null, "description": null, "logo_url": "https://media.licdn.com/dms/image/C510BAQFmIfDn2MA1FQ/company-logo_400_400/0/1519856083211?e=1692230400&v=beta&t=hdABUA3thBeCZ_gcnRXGP0GB6DGdxKlBCBMZ_5osDE0", "grade": null, "activities_and_societies": null}, {"starts_at": {"day": 1, "month": 1, "year": 2007}, "ends_at": {"day": 1, "month": 1, "year": 2007}, "field_of_study": "Fundamentals of Systems Planning, Research, Development, and Engineering", "degree_name": "Certificate", "school": "Defense Acquisition University", "school_linkedin_profile_url": null, "description": null, "logo_url": "https://media.licdn.com/dms/image/C560BAQFfjVE3-ZH5HQ/company-logo_400_400/0/1603069221656?e=1692230400&v=beta&t=oyRERg6O827anp_-TpDnUNljNJYDAZbM5djKNu0X7eI", "grade": null, "activities_and_societies": null}, {"starts_at": {"day": 1, "month": 1, "year": 2007}, "ends_at": {"day": 1, "month": 1, "year": 2007}, "field_of_study": "Fundamentals of Systems Acquisition Management ", "degree_name": "Certificate", "school": "Defense Acquisition University", "school_linkedin_profile_url": null, "description": null, "logo_url": "https://media.licdn.com/dms/image/C560BAQFfjVE3-ZH5HQ/company-logo_400_400/0/1603069221656?e=1692230400&v=beta&t=oyRERg6O827anp_-TpDnUNljNJYDAZbM5djKNu0X7eI", "grade": null, "activities_and_societies": null}, {"starts_at": {"day": 1, "month": 1, "year": 2005}, "ends_at": {"day": 1, "month": 1, "year": 2006}, "field_of_study": "Management in Information Systems Security", "degree_name": "Master of Science - MS", "school": "Colorado Technical University", "school_linkedin_profile_url": null, "description": null, "logo_url": "https://media.licdn.com/dms/image/C510BAQFmIfDn2MA1FQ/company-logo_400_400/0/1519856083211?e=1692230400&v=beta&t=hdABUA3thBeCZ_gcnRXGP0GB6DGdxKlBCBMZ_5osDE0", "grade": null, "activities_and_societies": null}, {"starts_at": {"day": 1, "month": 1, "year": 2001}, "ends_at": {"day": 1, "month": 1, "year": 2004}, "field_of_study": "Applied Technology", "degree_name": "Bachelor of Science - BS", "school": "Athens State University", "school_linkedin_profile_url": null, "description": null, "logo_url": "https://media.licdn.com/dms/image/C4D0BAQG4MPHBWWmTEQ/company-logo_400_400/0/1614976846943?e=1692230400&v=beta&t=8h4q5Zh3kQqA22sYxxK5gjAVDYHFHdNTcvzmfizzRJg", "grade": null, "activities_and_societies": null}, {"starts_at": {"day": 1, "month": 1, "year": 2001}, "ends_at": {"day": 1, "month": 1, "year": 2001}, "field_of_study": "Information Systems Operator Analyst", "degree_name": "Diploma", "school": "United States Army Signal School", "school_linkedin_profile_url": null, "description": null, "logo_url": null, "grade": null, "activities_and_societies": null}], "languages": ["English", "German", "Java", "Python", "R Language", "Ruby"], "accomplishment_organisations": [{"starts_at": {"day": 1, "month": 8, "year": 2013}, "ends_at": null, "org_name": "Sigma Xi, The Scientific Research Society", "title": "Full Member", "description": null}, {"starts_at": {"day": 1, "month": 11, "year": 2012}, "ends_at": null, "org_name": "Informing Science", "title": "Board Member, Review", "description": null}, {"starts_at": {"day": 1, "month": 1, "year": 2012}, "ends_at": null, "org_name": "European Alliance for Innovation", "title": "Member", "description": null}, {"starts_at": {"day": 1, "month": 12, "year": 2011}, "ends_at": null, "org_name": "Institute for Electrical and Electronics Engineers", "title": "Member", "description": null}, {"starts_at": {"day": 1, "month": 6, "year": 2011}, "ends_at": null, "org_name": "International Association of Engineering", "title": "Member", "description": null}, {"starts_at": {"day": 1, "month": 1, "year": 2011}, "ends_at": null, "org_name": "Golden Key International Honour Society", "title": "Review", "description": null}, {"starts_at": {"day": 1, "month": 12, "year": 2008}, "ends_at": null, "org_name": "Canadian Information Processing Society", "title": "Member", "description": null}, {"starts_at": {"day": 1, "month": 11, "year": 2008}, "ends_at": null, "org_name": "Information Systems Audit and Control Association", "title": "Member", "description": null}, {"starts_at": {"day": 1, "month": 11, "year": 2008}, "ends_at": null, "org_name": "International Information Systems Security Certification Consortium", "title": "Member", "description": null}, {"starts_at": {"day": 1, "month": 1, "year": 2007}, "ends_at": null, "org_name": "Association for Computing Machinery", "title": "Professor Member", "description": null}, {"starts_at": {"day": 1, "month": 5, "year": 2005}, "ends_at": null, "org_name": "Ancient Free & Accepted Masons", "title": null, "description": null}, {"starts_at": {"day": 1, "month": 2, "year": 2013}, "ends_at": {"day": 1, "month": 7, "year": 2015}, "org_name": "Alabama Academy of Sciences", "title": "Section Chair for Engineering and Computer Science, Member", "description": null}, {"starts_at": {"day": 1, "month": 3, "year": 2010}, "ends_at": {"day": 1, "month": 3, "year": 2014}, "org_name": "Intellectbase International Organization", "title": "Member", "description": null}, {"starts_at": {"day": 1, "month": 1, "year": 2012}, "ends_at": {"day": 1, "month": 1, "year": 2014}, "org_name": "Florida Academy of Sciences", "title": "Member", "description": null}, {"starts_at": {"day": 1, "month": 1, "year": 2012}, "ends_at": {"day": 1, "month": 1, "year": 2014}, "org_name": "International Journal of Advanced Computer Research", "title": "Advisory Board Member", "description": null}, {"starts_at": {"day": 1, "month": 1, "year": 2012}, "ends_at": {"day": 1, "month": 1, "year": 2014}, "org_name": "World Academy of Science, Engineering and Technology", "title": "Member", "description": null}], "accomplishment_publications": [{"name": "An Examination of the Prior Use of E-Learning Within an Extended Technology Acceptance Model and the Factors That Influence the Behavioral Intention of Users to Use M-Learning", "publisher": "Sage", "published_on": {"day": 1, "month": 1, "year": 2015}, "description": null, "url": "http://sgo.sagepub.com/content/5/4/2158244015621114"}, {"name": "Mobile Devices: The Case for Cyber Security Hardened Systems", "publisher": "IGI Global", "published_on": {"day": 1, "month": 1, "year": 2015}, "description": null, "url": "http://www.igi-global.com/chapter/mobile-devices/131395"}, {"name": "A Brief Review of New Threats and Countermeasures in Digital Crime and Cyber Terrorism", "publisher": "IGI Global", "published_on": {"day": 1, "month": 1, "year": 2015}, "description": null, "url": "http://www.igi-global.com/chapter/legal-issues/131399"}, {"name": "Legal Issues: Security and Privacy with Mobile Devices", "publisher": "IGI Global", "published_on": {"day": 1, "month": 1, "year": 2015}, "description": null, "url": "http://www.igi-global.com/chapter/legal-issues/131399"}, {"name": "Open Source Software for Learning Technologies in Higher Education", "publisher": "The Evolllution", "published_on": {"day": 1, "month": 1, "year": 2015}, "description": null, "url": "http://www.evolllution.com/opinions/open-source-software-learning-technologies-higher-education/"}, {"name": "Flipped Technoligical Training and Development Using Quality Systems Management In the Public Services Field", "publisher": "EDU LEARN14 Proceedings", "published_on": {"day": 1, "month": 1, "year": 2014}, "description": null, "url": "http://library.iated.org/view/BESSETTE2014FLI"}, {"name": "Advances in Technology Project Management: Review of Open Source Software Integration", "publisher": "Business Science Reference", "published_on": {"day": 1, "month": 1, "year": 2014}, "description": null, "url": "https://www.academia.edu/8817339/Advances_in_Technology_Project_Management_Review_of_Open_Source_Software_Integration"}, {"name": "Open Source Software to Enhance the STEM Learning Environment", "publisher": "Information Science Reference", "published_on": {"day": 1, "month": 1, "year": 2014}, "description": null, "url": "https://www.researchgate.net/publication/264673051_Open_Source_Software_to_Enhance_the_STEM_Learning_Environment?ev=prf_pub"}, {"name": "The Future of National and International Security on the Internet", "publisher": "Information Science Reference", "published_on": {"day": 1, "month": 1, "year": 2014}, "description": null, "url": "http://works.bepress.com/maurice_dawson/24/"}, {"name": "Understanding the Methods behind Cyber Terrorism", "publisher": "Information Science Reference", "published_on": {"day": 1, "month": 1, "year": 2014}, "description": null, "url": "http://works.bepress.com/maurice_dawson/23/"}, {"name": "Fostering Entrepreneurship and Building Entrepreneurial Self-Efficacy in Primary and Secondary Education", "publisher": "De Gruyter", "published_on": {"day": 1, "month": 1, "year": 2013}, "description": null, "url": "http://www.degruyter.com/view/j/cks.2013.3.issue-2/v10212-011-0033-1/v10212-011-0033-1.xml"}, {"name": "Open Source Software to Teach Technology Entrepreneurship Concepts and Practices", "publisher": "ICERI2013 Proceedings", "published_on": {"day": 1, "month": 1, "year": 2013}, "description": null, "url": "http://library.iated.org/view/DAWSON2013OPE"}, {"name": "Traditional Practices for Non-Traditional Doctoral Students: Creative Ways for Advantages in the Higher Education Department", "publisher": "ICERI2013 Proceedings", "published_on": {"day": 1, "month": 1, "year": 2013}, "description": null, "url": "http://library.iated.org/view/BESSETTE2013TRA"}, {"name": "Transforming Information Systems and Computer Science Education with Virtualization", "publisher": "ICERI2013 Proceedings", "published_on": {"day": 1, "month": 1, "year": 2013}, "description": null, "url": "http://library.iated.org/view/DAWSON2013TRA"}, {"name": "Protecting Infrastructure from Cyber Attacks", "publisher": "Proceedings of Academic Business World International Conference and International Conference on Learning and Administration in Higher Education", "published_on": {"day": 1, "month": 1, "year": 2013}, "description": null, "url": null}, {"name": "DoD Cyber Technology Policies to Secure Automated Information Systems", "publisher": "International Journal of Business Continuity and Risk Management", "published_on": {"day": 1, "month": 1, "year": 2013}, "description": null, "url": "https://www.researchgate.net/publication/255965284_DoD_cyber_technology_policies_to_secure_automated_information_systems?ev=prf_pub"}, {"name": "Research in Progress - Defending Android Smartphones from Malware Attacks", "publisher": "2013 Third International Conference on Advanced Computing and Communication Technologies (ACCT) / IEEE", "published_on": {"day": 1, "month": 1, "year": 2013}, "description": null, "url": "https://www.researchgate.net/publication/255965377_Research_in_Progress-Defending_Android_Smartphones_from_Malware_Attacks?ev=prf_pub"}, {"name": "Certification and accreditation for health IT systems", "publisher": "Alabama Academy of Science", "published_on": {"day": 1, "month": 1, "year": 2013}, "description": null, "url": "http://alabamaacademyofscience.org/AAS%20Program%202013%20Meeting%20Booklet%20FINAL.pdf"}, {"name": "Importance of Integrating Information Technology Related Curriculum in American Inner City Schools", "publisher": "INTED2013 Proceedings", "published_on": {"day": 1, "month": 1, "year": 2013}, "description": null, "url": "https://www.researchgate.net/publication/255965393_Technology_Enhanced_Learning_with_Open_Source_Software_for_Scientists_and_Engineers?ev=prf_pub"}, {"name": "Technology Enhanced Learning with Open Source Software for Scientists and Engineers", "publisher": "INTED2013 Proceedings", "published_on": {"day": 1, "month": 1, "year": 2013}, "description": null, "url": "http://library.iated.org/view/DAWSON2013TEC"}], "accomplishment_honors_awards": [{"title": "The President's Volunteer Service Award (Bronze)", "issuer": "Corporation for National and Community Service, President of the United States, Points of Light Foundation", "issued_on": {"day": 1, "month": 1, "year": 2016}, "description": null}, {"title": "First Place in the Math and Computer Science Student Oral Presentation", "issuer": "Tennessee Academy of Science", "issued_on": {"day": 1, "month": 11, "year": 2013}, "description": null}, {"title": "Excellence in Presentation Awards", "issuer": "Academic Business World International Conference and International Conference on Learning and Administration in Higher Education", "issued_on": {"day": 1, "month": 5, "year": 2013}, "description": "1 award received during this conference."}, {"title": "Excellence in Presentation Awards", "issuer": "Academic Business World International Conference and International Conference on Learning and Administration in Higher Education", "issued_on": {"day": 1, "month": 5, "year": 2011}, "description": "3 award received during this conference."}, {"title": "Iowa National Guard State Service Ribbon", "issuer": "Iowa National Guard", "issued_on": null, "description": null}, {"title": "United States Army Reserve Components Achievement Medal", "issuer": "US Army Reserves", "issued_on": null, "description": null}, {"title": "United States Army Service Ribbon", "issuer": "US Army Reserves", "issued_on": null, "description": null}], "accomplishment_patents": [], "accomplishment_courses": [{"name": "Adv Information Assurance", "number": "INSS779"}, {"name": "Advanced Cyber Security Concepts", "number": "INSYS"}, {"name": "Applications Of Programming For Business Solutions", "number": "INFSYS 6805"}, {"name": "Applied Cryptography", "number": "INSS789"}, {"name": "Business Alignment and Strategic Information Systems", "number": "CS832"}, {"name": "Business Intelligence", "number": "CS842"}, {"name": "Computer Applications in Business", "number": "MIS213"}, {"name": "Computer Ethics", "number": "CIS324"}, {"name": "Computer Systems Security Founadtions", "number": "CS651"}, {"name": "Earned Value Financial Mgmt", "number": "PROJ660"}, {"name": "Electrical Eng Independent Research", "number": null}, {"name": "Emerging Information Technology", "number": "MGT580"}, {"name": "Enterprise Information Systems Governance", "number": "CS827"}, {"name": "Enterprise Systems Architecture Planning", "number": "CS847"}, {"name": "Entrepreneurship Small Business Management", "number": "MGT565"}, {"name": "Futuring and Innovation", "number": "CS855"}, {"name": "IT in Criminal Justice", "number": "CIS170"}, {"name": "Information Systems Security", "number": "CS659"}, {"name": "Information Systems for Decision Making", "number": "CIS500"}, {"name": "Intro to Adv Systems Eng", "number": "IEGR501"}], "accomplishment_projects": [{"starts_at": {"day": 1, "month": 6, "year": 2012}, "ends_at": {"day": 1, "month": 6, "year": 2012}, "title": "Walden 2.1:  A Technological Society", "description": "Consensus of Prefrontal Cortex activity sought in Midterm Feedback by Richard Courchesne, submitted May 8, 2013:\n\nIt must be evident to society that part of innovation \u201cLife Cycle\u201d may offer great speeds and convenience, until something better comes along; but it also eliminates the need for human cell to perform physical exertion for pay.  As less and less human cells are needed to perform the tasks of iterations the physical work will go to non-complaining 24/7 worker-robotics.  According to Ray Kurzweil, the near future will indeed be a very different place.  Breakthroughs of disruptive innovation in bio-nanotechnology and artificial intelligences projects carbon nanoparticle-organic robots that can cluster into solid exoskeleton shapes of any desired object, that is capable of performing any function that serves the needs of humankind (Kurzweil, 2005).\n\nPatterns are emerging that may suggest a direct correlation between industrial occupational downsizing, a term referring to an event when human cell jobs becomes replaced by automation; and its relationship to Kurzweil\u2019s \u201cLife Cycle of Innovation\u201d to an asymptotic discreet value.  An economic paradigm shift is on the horizon as the value of work redefines (Castellani & Hafferty, 2009; Kurzweil, 2005; Joyner et al., 2013).\n", "url": null}, {"starts_at": {"day": 1, "month": 12, "year": 2013}, "ends_at": {"day": 1, "month": 5, "year": 2015}, "title": "New Threats and Countermeasures in Digital Crime and Cyber Terrorism", "description": "Technological advances, although beneficial and progressive, can lead to vulnerabilities in system networks and security. While researchers attempt to find solutions, negative uses of technology continue to create new security threats to users.\n\nNew Threats and Countermeasures in Digital Crime and Cyber Terrorism brings together research-based chapters and case studies on security techniques and current methods being used to identify and overcome technological vulnerabilities with an emphasis on security issues in mobile computing and online activities. This book is an essential reference source for researchers, university academics, computing professionals, and upper-level students interested in the techniques, laws, and training initiatives currently being implemented and adapted for secure computing.", "url": null}, {"starts_at": {"day": 1, "month": 1, "year": 2012}, "ends_at": {"day": 1, "month": 5, "year": 2014}, "title": "Armed Personal Unmanned Ground Vehicle", "description": null, "url": null}, {"starts_at": {"day": 1, "month": 1, "year": 2011}, "ends_at": {"day": 1, "month": 5, "year": 2014}, "title": "Tech Linux Research Institute", "description": "AAMU's only lab to facilitate penetration testing, cyber security, virtual learning, systems engineering, software development, and more with the use of open source software (OSS).", "url": null}, {"starts_at": {"day": 1, "month": 5, "year": 2012}, "ends_at": {"day": 1, "month": 8, "year": 2012}, "title": "Logistics & Supply Chain Management Virtual Machine", "description": "This project was to develop a virtual machine (VM) for the logistics and supply chain management degree program at Alabama A&M University.  The VM contained all coursebooks, case studies, scholarly journals, and open source software (OSS) programs for the course.  This VM was developed for student and faculty use.  This program was developed as a summer research project with a forthcoming proceedings publication in the Proceedings of the 8th International Technology, Education and Development Conference in Valencia, Spain March 2014.", "url": null}, {"starts_at": {"day": 1, "month": 1, "year": 2011}, "ends_at": {"day": 1, "month": 5, "year": 2011}, "title": "Unmanned Air System (UAS) Project for PROJ660 Course", "description": "This course introduced students to project cost estimation techniques. Students learned how to adjust cost estimates based on resource availability and project risk, and evaluate quality of cost estimates prepared by others.  Students learned the earned-value management technique.   Students use software package(s) to estimate costs.  The associated project was to build an Unmanned Air System (UAS), website, document, and capture all costs associated with weekly cost reports.  This course was designed to reflect a real defense project using principles of Earned Value Management (EVM) in aerospace setting.", "url": null}], "accomplishment_test_scores": [], "volunteer_work": [{"starts_at": {"day": 1, "month": 1, "year": 2022}, "ends_at": null, "title": "Volunteer", "cause": "SCIENCE_AND_TECHNOLOGY", "company": "Winrock International", "company_linkedin_profile_url": "https://www.linkedin.com/company/winrock-international/", "description": "Serving as a volunteer champion for the Farmer to Farmer (F2F) Diversity Initiative.", "logo_url": "https://media.licdn.com/dms/image/C4D0BAQHtUWTgA-fiEw/company-logo_400_400/0/1637271670388?e=1692230400&v=beta&t=QRA1Fxh1iN_AojLh492jBDrzIx4RqZ6gFYCiJjg4nTg"}, {"starts_at": {"day": 1, "month": 2, "year": 2021}, "ends_at": null, "title": "Mentor", "cause": "SCIENCE_AND_TECHNOLOGY", "company": "Women in Cybersecurity (WiCyS) at Illinois Tech", "company_linkedin_profile_url": "https://www.linkedin.com/company/wicys-illinoistech/", "description": null, "logo_url": "https://media.licdn.com/dms/image/C560BAQEaVQVVX6BJjA/company-logo_400_400/0/1598715412785?e=1692230400&v=beta&t=anRM5rZl1y0FEiG7ImFVe6loAN5SS3TWG7F9cx8A_N0"}, {"starts_at": {"day": 1, "month": 1, "year": 2021}, "ends_at": null, "title": "Member", "cause": "SCIENCE_AND_TECHNOLOGY", "company": "Military Cyber Professionals Association", "company_linkedin_profile_url": "https://www.linkedin.com/company/milcyber/", "description": null, "logo_url": "https://media.licdn.com/dms/image/C4E0BAQGEFc-G9l63Rw/company-logo_400_400/0/1523045561633?e=1692230400&v=beta&t=0Vkr5WYssS9vxymWTtqRX9_Mif3YXmU8t34BhjrEFUk"}, {"starts_at": {"day": 1, "month": 10, "year": 2021}, "ends_at": {"day": 1, "month": 10, "year": 2021}, "title": "Guest Speaker", "cause": "SCIENCE_AND_TECHNOLOGY", "company": "ITSMF - Information Technology Senior Management Forum", "company_linkedin_profile_url": "https://www.linkedin.com/company/itsmfleaders/", "description": "Spoke about the Internet of Things (IoT) and cybersecurity.", "logo_url": "https://media.licdn.com/dms/image/C4D0BAQENWCnwjJEeXA/company-logo_400_400/0/1638326726406?e=1692230400&v=beta&t=SrguKF80SdEscigMvTduCF1pakeSCBsiY4RvBdmELAE"}, {"starts_at": {"day": 1, "month": 12, "year": 2020}, "ends_at": null, "title": "Professional Inductee", "cause": "SCIENCE_AND_TECHNOLOGY", "company": "GAMMA NU ETA INC", "company_linkedin_profile_url": "https://www.linkedin.com/company/gamma-nu-eta-inc/", "description": null, "logo_url": null}, {"starts_at": {"day": 1, "month": 12, "year": 2017}, "ends_at": {"day": 1, "month": 1, "year": 2018}, "title": "Volunteer", "cause": "SCIENCE_AND_TECHNOLOGY", "company": "Catholic Relief Services", "company_linkedin_profile_url": "https://www.linkedin.com/company/catholic-relief-services/", "description": "December 2017 - January 2018. $5,000.00, Title: Mobile Banking System, Assignment Number: ET103, Location: Addis Ababa, Ethiopia: Volunteer Assignment with Catholic Relief Services/USAID", "logo_url": "https://media.licdn.com/dms/image/C4E0BAQG-G51EGBFuxw/company-logo_400_400/0/1585659184392?e=1692230400&v=beta&t=1364yiBmQvB0jpQMyBHFASyuye-COIgGGBjqUOHKGrg"}, {"starts_at": {"day": 1, "month": 1, "year": 2017}, "ends_at": null, "title": "Volunteer", "cause": "SCIENCE_AND_TECHNOLOGY", "company": "Winrock International", "company_linkedin_profile_url": "https://www.linkedin.com/company/winrock-international/", "description": "January 2017.   $5,000.00, Title: Training-of-Trainers in Management Accounting Tools for the Horticulture Initiation Center of Saint Louis (CIH SL), Assignment Number: SEN187, Location: Saint-Louis, Senegal: Volunteer Assignment with Winrock Int./USAID", "logo_url": "https://media.licdn.com/dms/image/C4D0BAQHtUWTgA-fiEw/company-logo_400_400/0/1637271670388?e=1692230400&v=beta&t=QRA1Fxh1iN_AojLh492jBDrzIx4RqZ6gFYCiJjg4nTg"}, {"starts_at": {"day": 1, "month": 7, "year": 2016}, "ends_at": null, "title": "Volunteer", "cause": "SCIENCE_AND_TECHNOLOGY", "company": "Winrock International", "company_linkedin_profile_url": "https://www.linkedin.com/company/winrock-international/", "description": "July 2016, $5,000.00, Title: Assistance to the Office of Vocational Agriculture Education for the Establishment of a Functional Website for the Ministre de l'Agriculture et de l'Equipement Rural, Assignment Number: SEN121, Location: Dakar, Senegal: Volunteer Assignment with Winrock Int./USAID", "logo_url": "https://media.licdn.com/dms/image/C4D0BAQHtUWTgA-fiEw/company-logo_400_400/0/1637271670388?e=1692230400&v=beta&t=QRA1Fxh1iN_AojLh492jBDrzIx4RqZ6gFYCiJjg4nTg"}, {"starts_at": {"day": 1, "month": 7, "year": 2010}, "ends_at": {"day": 1, "month": 7, "year": 2010}, "title": "Mentee", "cause": "EDUCATION", "company": "National Urban League", "company_linkedin_profile_url": null, "description": "Participated in the 100@100 event which was to bring a 100 doctors to speak to 100 students.", "logo_url": null}, {"starts_at": {"day": 1, "month": 1, "year": 2012}, "ends_at": {"day": 1, "month": 1, "year": 2014}, "title": "Chapter President", "cause": "SCIENCE_AND_TECHNOLOGY", "company": "OWASP\u00ae Foundation", "company_linkedin_profile_url": "https://www.linkedin.com/company/owasp/", "description": "Chapter president for Huntsville, AL.", "logo_url": "https://media.licdn.com/dms/image/C4D0BAQEdEi67-H41Rg/company-logo_400_400/0/1633702546565?e=1692230400&v=beta&t=n2J3O29lsR7qdOUVkTsa1eUP3OOI_zPzTfMkkFV-Y7U"}], "certifications": [{"starts_at": {"day": 1, "month": 9, "year": 2022}, "ends_at": null, "name": "Certified Cyber Crime Intelligence Analyst", "license_number": "4632", "display_source": null, "authority": "NW3C, Inc.", "url": null}, {"starts_at": {"day": 1, "month": 9, "year": 2022}, "ends_at": null, "name": "Responsible Conduct of Research for Engineers", "license_number": "46696270", "display_source": "citiprogram.org", "authority": "CITI Program", "url": "https://www.citiprogram.org/verify/?w298ced62-5469-41df-a43a-37a90c0d3001-46696270"}, {"starts_at": {"day": 1, "month": 3, "year": 2022}, "ends_at": null, "name": "Certified Cyber Crime Examiner", "license_number": "4381", "display_source": null, "authority": "NW3C, Inc.", "url": null}, {"starts_at": {"day": 1, "month": 1, "year": 2020}, "ends_at": null, "name": "Certified Data Privacy Solutions Engineer\u2122 (CDPSE\u2122)", "license_number": null, "display_source": "credly.com", "authority": "ISACA", "url": "https://www.credly.com/badges/2216a580-40e2-494f-bfde-7d48ab706e92?source=linked_in_profile"}, {"starts_at": {"day": 1, "month": 12, "year": 2017}, "ends_at": null, "name": "Senior Member", "license_number": "92163424", "display_source": null, "authority": "IEEE", "url": null}, {"starts_at": {"day": 1, "month": 1, "year": 2014}, "ends_at": null, "name": "Chief Information Security Officer Certification", "license_number": "CC-MD-1109", "display_source": "eccouncil.org", "authority": "EC-Council", "url": "https://aspen.eccouncil.org/VerifyBadge?type=certification&a=3olWITnQ0Lv5UhjHQoU3foNPDFUBGcN07nfVU29Gl7I="}, {"starts_at": {"day": 1, "month": 1, "year": 2013}, "ends_at": null, "name": "Full Member", "license_number": null, "display_source": null, "authority": "Sigma Xi, The Scientific Research Honor Society", "url": null}, {"starts_at": {"day": 1, "month": 11, "year": 2008}, "ends_at": null, "name": "Certified in the Governance of Enterprise IT", "license_number": "0801297", "display_source": null, "authority": "ISACA", "url": null}, {"starts_at": {"day": 1, "month": 1, "year": 2008}, "ends_at": null, "name": "Certified Secure Software Lifecycle Professional (CSSLP)", "license_number": null, "display_source": "credly.com", "authority": "(ISC)\u00b2", "url": "https://www.credly.com/badges/3e1f11a2-36b4-4ffa-b4d7-3ece54bcfc84?source=linked_in_profile"}, {"starts_at": {"day": 1, "month": 8, "year": 2021}, "ends_at": {"day": 1, "month": 8, "year": 2025}, "name": "Conflicts of Interest", "license_number": "44416735", "display_source": "citiprogram.org", "authority": "CITI Program", "url": "https://www.citiprogram.org/verify/?w3267a0fa-6f5c-44c0-b143-405418e0e58d-44416735"}, {"starts_at": {"day": 1, "month": 2, "year": 2022}, "ends_at": {"day": 1, "month": 2, "year": 2025}, "name": "Export Compliance", "license_number": "46696272", "display_source": "citiprogram.org", "authority": "CITI Program", "url": "https://www.citiprogram.org/verify/?w9f3dc281-09e7-4bb8-b72c-ad2f2bfe499a-46696272"}, {"starts_at": {"day": 1, "month": 8, "year": 2021}, "ends_at": {"day": 1, "month": 8, "year": 2024}, "name": "Undue Foreign Influence: Risks and Mitigations", "license_number": "44416780", "display_source": "citiprogram.org", "authority": "CITI Program", "url": "https://www.citiprogram.org/verify/?w50cff6f0-ec8f-4952-8ebe-22b7f0b4d0fd-44416780"}], "connections": null, "people_also_viewed": [{"link": "https://www.linkedin.com/in/nguyenwin", "name": "Michelle Nguyen", "summary": "Awarded 40 under 40 in Cybersecurity; Women & Girls in Tech Advocate", "location": null}, {"link": "https://www.linkedin.com/in/louismchugh", "name": "Louis McHugh", "summary": "Director, Cyber-Tech Security\u00a0|\u00a0Office of Technology Services at Illinois Institute of Technology", "location": null}, {"link": "https://www.linkedin.com/in/raytrygstad", "name": "Ray Trygstad", "summary": "Associate Chair and Industry Professor of Information Technology & Management; Chair, ACM SIGITE; Commissioner, ABET Computing Accreditation Commission", "location": null}, {"link": "https://www.linkedin.com/in/ranu-ginare", "name": "RANU GINARE", "summary": "Actively seeking full-time roles in the cyber security| MS in Cyber Forensics and Security | CompTIA Security+ (SY0-601) Certified | WiCyS'22 & 23 Scholar | THM Top 2% | Teaching Assistant", "location": null}, {"link": "https://www.linkedin.com/in/pricedevin", "name": "Devin Price, MS-MIS", "summary": "Security Technical Program Manager at Microsoft | \"40 under 40 in Cybersecurity\" 2022 | Security+, GISF, PenTest+, CNVP, and CAPM", "location": null}, {"link": "https://www.linkedin.com/in/dr-nikki-robinson", "name": "Nikki Robinson, DSc, PhD", "summary": "IT Security Architect | ICIT Fellow | Professor | Researcher **all thoughts are my own", "location": null}, {"link": "https://www.linkedin.com/in/thomascmarr", "name": "\u272d Thomas Marr", "summary": "\ud83c\udfc6 2022 Cyber Security 40 Under 40 Worldwide Winner \ud83c\udf99\ufe0f Guest Speaker \u2714\ufe0f Cybersecurity Influencer \ud83d\udc68\ud83c\udffb\u200d\ud83d\udcbb Member CompTIA CAC \ud83d\udd12 Senior Information Systems Security Engineer \ud83d\udd76 Former Military Intelligence \ud83d\udc68\u200d\ud83c\udfeb Mentor", "location": null}, {"link": "https://www.linkedin.com/in/ggopal", "name": "Gurram Gopal, Ph.D.", "summary": "Associate Chair and Industry Professor", "location": null}, {"link": "https://www.linkedin.com/in/kenneth-t-christensen-8b884bb2", "name": "Kenneth T. Christensen", "summary": "Interim Provost & Senior VP for Academic Affairs at Illinois Tech", "location": null}, {"link": "https://www.linkedin.com/in/calvinnobles", "name": "Calvin Nobles, Ph.D.", "summary": "Department Chair and Associate Professor, Information and Technology Management (Cybersecurity, Data Analytics, I.T., and Digital Forensics), Illinois Institute of Technology, College of Computing", "location": null}], "recommendations": ["Dr. Karl B. Ostler\n\n\n\nI had the pleasure of studying under Dr. Dawson while attending a doctoral course in Computer Science (DCS) within the Institute for Advanced Studies (IAS) at Colorado Technical University. Although time was short, I found Dr. Dawson open to communicating and sharing his knowledge. This is where I found him to be a plethora of knowledge. He continues to impress me with both the breadth and depth of his knowledge as he participates in many different forums and as he continues to post and share various articles. Thanks for the connection, and keep up the great work Dr. Dawson.  -K", "Adam Austin\n\n\n\nDr. Dawson, with his emphasis on continual self-improvement, has been an inspiration for my career.  He is a results-oriented leader who does not lose sight of the importance of maintaining good personal relationships as an integral part of producing successful products.  Since I have been at AAI, Dr. Dawson has overseen the three-fold growth of our IA department, all the while maintaining a 100% success rate for DIACAP accreditation of our products.", "Donald H. Miller\n\n\n\nMaurice is a consummate professional..he \"gets it\". He leads and collaborates with the highest level of integrity. Dependable and trustworthy, he has the mettle to succeed in any capacity.", "Jason Brower\n\n\n\nWhen I first met Maurice many years ago, he struck me as a very ambitious man with a positive attitude, willingness to achieve and desire to go above and beyond what was expected of him by both his co-workers and his customers.\r\n\r\nOver the years and in what feels a very short period of time, Maurice has achieved goals that never surprise me as I was very aware of his capabilities, yet I often shake my head with a smile wondering what he will do next.  He is a talented co-worker, a respected friend and a colleague I would gladly work for or with again without question.", "Kimberly Mendoza\n\n\n\nMaurice was always very attentive to detail as they related to his program and what his duties were. He made it very easy to complete my job by keeping me informed of activities that he was involved in and was always a professional in every aspect of the word. In addition he was a pleasure to work with and I highly recommend him for any position that he may obtain.", "Andrae Grey, MBA, ABD\n\n\n\nAs one of our Computer Information Systems professors, Prof. Dawson continues to do an excellent job in mentoring and motivating our student body at Strayer. His students find him to not only be personable but also professional and always willing to go the extra mile to ensure that they fully grasp the pertinent material.\r\n He has a full understanding of the course work required by the students and also the patience and temperament to convey that understand to all students, from the most advanced to the neolithic.", "Cynthia Calongne\n\n\n\nAs a new addition to Maurice Dawson's research committee, my work with Mr. Dawson has been limited, yet has convinced me of his commitment to excellence. He has strong analytical skills and applies them as he explores a variety of alternatives for investigating his hypothesis.", "Wayne Staats\n\n\n\nMaurice has been committed to better himself, whether it be within a engineering or project management position.  Furthermore, he has used this design to help others better themselves to by developing training courses in the area of Information Assurance.  These courses, adopted company wide, clearly demonstrate Maurice's grasp of the IA field.", "John Garcia\n\n\n\nMaurice is an incredibly successful engineer, especially concerning project engineering. For someone so young, his natural abilities to manage are just maturing and his potential for more responsibility grows every day."], "activities": [], "similarly_named_profiles": [{"name": "Maurice Dawson", "link": "https://uk.linkedin.com/in/maurice-dawson-09a81510", "summary": "Project Manager - Nortech/Nijhuis Industries", "location": "Greater Aberdeen Area"}, {"name": "Maurice Dawson", "link": "https://www.linkedin.com/in/dawsonmaurice", "summary": "Manager at Self Employed", "location": "West Palm Beach, FL"}, {"name": "Maurice Dawson", "link": "https://www.linkedin.com/in/mauriece-dawson", "summary": "Senior Technical Analyst at FedEx", "location": "Atlanta, GA"}, {"name": "Maurice Dawson", "link": "https://www.linkedin.com/in/maurice-dawson-67050020", "summary": "Manager, Information Systems", "location": "Charlotte, NC"}], "articles": [], "groups": [], "skills": [], "inferred_salary": null, "gender": null, "birth_date": null, "industry": null, "extra": null, "interests": [], "personal_emails": ["maurice.dawson@alpf.org", "mdawson6021@msn.com"], "personal_numbers": []}
