{"public_identifier": "morgan-richards-4a3353207", "profile_pic_url": "https://media.licdn.com/dms/image/D5603AQHQHRkWpoTX1Q/profile-displayphoto-shrink_400_400/0/1706569560477?e=1715212800&v=beta&t=tIbVd6ryyb8Ig-IqOxElYdy12I_K-9k-v0SxjD_l5uQ", "background_cover_image_url": null, "first_name": "Morgan", "last_name": "Richards", "full_name": "Morgan Richards", "follower_count": 1812, "occupation": "Growth at Simplify", "headline": "Growth @Simplify | EECS @ Berkeley", "summary": "Hi, I help lead growth @ Simplify! Check out simplify.jobs if you're currently looking for a new position!", "country": "US", "country_full_name": "United States of America", "city": "San Francisco", "state": "California", "experiences": [{"starts_at": {"day": 1, "month": 1, "year": 2024}, "ends_at": null, "company": "Simplify", "company_linkedin_profile_url": "https://www.linkedin.com/company/simplifyjobs", "title": "Growth", "description": null, "location": "San Francisco Bay Area", "logo_url": "https://media.licdn.com/dms/image/C4D0BAQHqElNxVqfbgA/company-logo_400_400/0/1632878090651/simplifyjobs_logo?e=1717632000&v=beta&t=aT8AowjRg1BSFoL4o28i2mpXmxzwjCHr8wwnX81kcHU"}, {"starts_at": {"day": 1, "month": 6, "year": 2022}, "ends_at": {"day": 31, "month": 12, "year": 2023}, "company": "UC Berkeley College of Engineering", "company_linkedin_profile_url": "https://www.linkedin.com/company/berkeleyengineering", "title": "Research Intern", "description": null, "location": "Berkeley, California, United States", "logo_url": "https://media.licdn.com/dms/image/C4D0BAQESv_iA-DHaqw/company-logo_400_400/0/1630514799791/berkeleyengineering_logo?e=1717632000&v=beta&t=tr1r0rgvu4kjgihmqfaAZL0e585TvTfYnO-E2zA_qw0"}, {"starts_at": {"day": 1, "month": 8, "year": 2021}, "ends_at": {"day": 31, "month": 1, "year": 2022}, "company": "University of California, Berkeley", "company_linkedin_profile_url": "https://www.linkedin.com/company/uc-berkeley", "title": "Research Intern", "description": "Conducting self-led research in the field of chip architecture", "location": "Berkeley, California, United States", "logo_url": "https://media.licdn.com/dms/image/C4D0BAQGF8uB7vUoJ0Q/company-logo_400_400/0/1639585477530/uc_berkeley_logo?e=1717632000&v=beta&t=Y-LMdrWZf1egrtPDKILtOYLJzBmZRYXY5LpAh0ZcR4I"}, {"starts_at": {"day": 1, "month": 6, "year": 2018}, "ends_at": {"day": 30, "month": 9, "year": 2018}, "company": "Chipotle Mexican Grill", "company_linkedin_profile_url": "https://www.linkedin.com/company/chipotle-mexican-grill", "title": "Burrito-ista", "description": null, "location": "Glendale, California, United States", "logo_url": "https://media.licdn.com/dms/image/C4D0BAQHuoA75-zTc4Q/company-logo_400_400/0/1630572945460/chipotle_mexican_grill_logo?e=1717632000&v=beta&t=_uzZUtFUrrGi2HYRvGIPBuaw3uCKDVy-VVxzcjfMtG8"}], "education": [{"starts_at": {"day": 1, "month": 1, "year": 2019}, "ends_at": {"day": 31, "month": 12, "year": 2024}, "field_of_study": "EECS", "degree_name": "Bachelor's degree", "school": "University of California, Berkeley", "school_linkedin_profile_url": "https://www.linkedin.com/company/uc-berkeley", "description": "Took time off during COVID", "logo_url": "https://media.licdn.com/dms/image/C4D0BAQGF8uB7vUoJ0Q/company-logo_400_400/0/1639585477530/uc_berkeley_logo?e=1717632000&v=beta&t=Y-LMdrWZf1egrtPDKILtOYLJzBmZRYXY5LpAh0ZcR4I", "grade": null, "activities_and_societies": null}], "languages": [], "accomplishment_organisations": [], "accomplishment_publications": [], "accomplishment_honors_awards": [], "accomplishment_patents": [], "accomplishment_courses": [], "accomplishment_projects": [], "accomplishment_test_scores": [], "volunteer_work": [], "certifications": [], "connections": 1819, "people_also_viewed": [], "recommendations": [], "activities": [], "similarly_named_profiles": [], "articles": [], "groups": [], "skills": [], "inferred_salary": null, "gender": null, "birth_date": null, "industry": null, "extra": null, "interests": [], "personal_emails": [], "personal_numbers": []}
