{"public_identifier": "narendramodi", "profile_pic_url": "https://s3.us-west-000.backblazeb2.com/proxycurl/person/narendramodi/profile?X-Amz-Algorithm=AWS4-HMAC-SHA256&X-Amz-Credential=0004d7f56a0400b0000000001%2F20240306%2Fus-west-000%2Fs3%2Faws4_request&X-Amz-Date=20240306T001050Z&X-Amz-Expires=3600&X-Amz-SignedHeaders=host&X-Amz-Signature=53e8e2e4b26be93b4c5e99b207ce2942e7b614e3bb4cd6a9e225c3d39d221f5e", "background_cover_image_url": null, "first_name": "Narendra", "last_name": "Modi", "full_name": "Narendra Modi", "follower_count": 4164115, "occupation": "Prime Minister of India at Government of India", "headline": "Prime Minister of India", "summary": null, "country": "IN", "country_full_name": "India", "city": "Delhi", "state": null, "experiences": [{"starts_at": {"day": 1, "month": 5, "year": 2014}, "ends_at": null, "company": "Government of India", "company_linkedin_profile_url": null, "title": "Prime Minister of India", "description": null, "location": null, "logo_url": null}, {"starts_at": {"day": 1, "month": 10, "year": 2001}, "ends_at": {"day": 30, "month": 4, "year": 2014}, "company": "Government of Gujarat", "company_linkedin_profile_url": null, "title": "Chief Minister of Gujarat", "description": null, "location": "Gandhinagar", "logo_url": null}], "education": [{"starts_at": null, "ends_at": null, "field_of_study": "Political Science and Government", "degree_name": "Political Science", "school": "Gujarat University", "school_linkedin_profile_url": "https://www.linkedin.com/company/3950092/", "description": null, "logo_url": "https://media.licdn.com/dms/image/C4D0BAQFO-BHBuDhZKw/company-logo_400_400/0/1669369004091?e=1710979200&v=beta&t=HeCn0x-aH8limBlPWq-A3hPUjX_R8xzQwgTE35qOSr0", "grade": null, "activities_and_societies": null}], "languages": [], "accomplishment_organisations": [], "accomplishment_publications": [], "accomplishment_honors_awards": [], "accomplishment_patents": [], "accomplishment_courses": [], "accomplishment_projects": [], "accomplishment_test_scores": [], "volunteer_work": [], "certifications": [], "connections": 0, "people_also_viewed": [], "recommendations": [], "activities": [], "similarly_named_profiles": [{"name": "Narendra Modi", "link": "https://in.linkedin.com/in/narendra-modi-b5b386233", "summary": "--", "location": "New Delhi"}, {"name": "Narendra Modi", "link": "https://in.linkedin.com/in/narendra-modi-b20103230", "summary": "Politian at Goverment Job", "location": "New Delhi"}, {"name": "Narendra Modi", "link": "https://in.linkedin.com/in/narendra-modi-b96584221", "summary": "PHD at Google", "location": "Bangalore Urban"}, {"name": "Narendra Modi", "link": "https://in.linkedin.com/in/narendra-modi-b4356a20b", "summary": "--", "location": "Indore"}], "articles": [], "groups": [], "skills": [], "inferred_salary": null, "gender": null, "birth_date": null, "industry": null, "extra": null, "interests": [], "personal_emails": ["modi@svpnpa.gov.in"], "personal_numbers": []}
