{"public_identifier": "rdedhia1", "profile_pic_url": "https://s3.us-west-000.backblazeb2.com/proxycurl/person/rdedhia1/profile?X-Amz-Algorithm=AWS4-HMAC-SHA256&X-Amz-Credential=0004d7f56a0400b0000000001%2F20240306%2Fus-west-000%2Fs3%2Faws4_request&X-Amz-Date=20240306T001052Z&X-Amz-Expires=3600&X-Amz-SignedHeaders=host&X-Amz-Signature=b40d8791c7d64a869f56311033ac19830da4b9f95c59096b38589b4e5a18eec3", "background_cover_image_url": null, "first_name": "Raj", "last_name": "Dedhia", "full_name": "Raj Dedhia", "follower_count": 990, "occupation": "Student Consultant - Project Management at International Consulting Network - ICON", "headline": "Data Analytics Enthusiast | Actively Seeking Internship Opportunities | Illinois Institute of Technology | SQL | Python | R | Power BI | Tableau | Scrum | Passionate about Crypto & Web 3.0", "summary": "\ud83d\ude80 Greetings LinkedIn Community! \ud83d\udc4b\nGratitude for joining me on this journey. I'm Raj Dedhia, a passionate Data Enthusiast decoding the stories behind the numbers and translating them into impactful narratives and tangible solutions.\n\n\ud83d\udca1 Journey Highlights:\nMy adventure spans Data Science, Machine Learning, Tech Blogging, and Education. Here's a glimpse into my journey:\n\n\ud83d\ude80 Skills & Expertise:\n- Proficient in Python, R, SQL, AWS, Snowflake, NumPy, Pandas, with a focus on Data Analysis and Business Intelligence through Data Visualization. \n- Specialized in Data Analytics, Machine Learning Algorithms, Mathematical Modeling, and Statistics.\n\n\ud83c\udf10 Versatility & Contributions:\nBeyond the tech landscape, I'm a multifaceted individual, indulging in tech blogging, exploring new places, and maintaining a fit lifestyle through exercise.\n\n\ud83c\udf1f Professional Contributions:\nI'm proficient in Python, R, SQL, NumPy, Pandas, and Power BI, specializing in Data Analysis and Business Intelligence through Data Visualization. My expertise extends to crafting meaningful insights using Machine Learning Algorithms, Mathematical Modeling, and Statistics. Whether uncovering market trends or streamlining operational efficiency, I thrive in turning data into actionable solutions.\nFurthermore, collaborating directly with the Managing Director, I revamped client relationships with USA-based firms in Web 3.0 and Metaverse domains through effective communication of complex data insights. The integration of JIRA streamlined Project Management, leading to an exceptional 20% decrease in project delivery time and fostering improved communication and synergy in cross-functional teams.\n\n\ud83d\udee0\ufe0f Skills Snapshot:\nData Analysis, Data Visualization for Business Marketing, Cross-Functional Collaboration, Content Strategy, and Tech Blogging.\n\n\ud83c\udf3a Beyond Tech:\nWhen not immersed in the tech realm, you'll find me crafting tech blogs, embracing a fit lifestyle through exercise, and uncovering new corners of the world.\n\n\ud83c\udf10 Web Presence:\n- Portfolio - https://www.datascienceportfol.io/RajDedhia\n- GitHub - https://github.com/dedhiaraj2002\n- LinkedIn - https://www.linkedin.com/in/rdedhia1\n- Power BI - https://www.novypro.com/profile_about/rajdedhia\n\n\ud83d\udcec Let's Connect & Collaborate:\nIf you have inquiries or are keen on collaboration, drop me a message on LinkedIn. Excited to connect and embark on impactful endeavors together!\nEmail - rdedhia1@hawk.iit.edu\nCheers! \ud83c\udf1f\ud83d\udcab", "country": "US", "country_full_name": "United States of America", "city": "Chicago", "state": "Illinois", "experiences": [{"starts_at": {"day": 1, "month": 1, "year": 2024}, "ends_at": null, "company": "International Consulting Network - ICON", "company_linkedin_profile_url": "https://www.linkedin.com/company/international-consulting-network---icon", "title": "Student Consultant - Project Management", "description": null, "location": "United States \u00b7 Hybrid", "logo_url": "https://media.licdn.com/dms/image/C4D0BAQH4wllcNmqGeQ/company-logo_400_400/0/1630510146236/international_consulting_network___icon_logo?e=1717632000&v=beta&t=j5ZnlXgavk-8OueqVVR7uLS8S0XH1-M3EJzMqsizYKk"}, {"starts_at": {"day": 1, "month": 7, "year": 2023}, "ends_at": {"day": 30, "month": 9, "year": 2023}, "company": "Excelerate", "company_linkedin_profile_url": "https://www.linkedin.com/company/4excelerate", "title": "Data Science Intern", "description": "\u2022 Led team of 7 and performed Data Mining and Cleansing, employing KPI metrics and statistical analysis to drive Predictive & Prescriptive Models. \n\u2022 Built data pipelines to automate ETL protocols, reducing overall processing time by 30%\n\u2022 Created comprehensive reports using Tableau, Excel, Python, and MySQL to optimize ad campaigns at scale.", "location": "Chicago, Illinois, United States \u00b7 Remote", "logo_url": "https://media.licdn.com/dms/image/D4D0BAQFsKCE82AoD_Q/company-logo_400_400/0/1689287580187?e=1717632000&v=beta&t=j1n0Ia2YLM9lsz1EYc_ZJ1RHv1fOVaJD52Af5jnfhIU"}, {"starts_at": {"day": 1, "month": 5, "year": 2022}, "ends_at": {"day": 30, "month": 6, "year": 2023}, "company": "Cosdec Alpha", "company_linkedin_profile_url": "https://www.linkedin.com/company/cosdecalpha", "title": "Data Analyst Intern", "description": "\u2022\tLed data analysis & statistical modeling initiatives, managing large datasets with 10K observations using Python, SQL & Excel.\n\u2022\tDeveloped and maintained interactive dashboards using Tableau & Power Bl, enabling stakeholders to monitor KPIs and make data-driven decisions leading to a 15% improvement in operational efficiency.\n\u2022\tDesigned & implemented models for data warehouse, utilizing star and Snowflake schemas to meet business requirements.\n\u2022\tCollaborated directly with the Managing Director, enhancing client relationships with USA-based firms in Web 3.0 and Metaverse domains through effective communication of complex data insights. \n\u2022\tAnalyzed and translated intricate data sets into actionable recommendations for stakeholders, driving decision-making and informing product development; facilitated a 15% improvement in user retention and a 10% increase in customer satisfaction.\n\u2022\tStreamlined project tracking and collaboration by integrating JIRA, leading to an exceptional 20% decrease in project delivery time and fostering enhanced communication and alignment across teams.", "location": "Mumbai, Maharashtra, India \u00b7 Hybrid", "logo_url": "https://media.licdn.com/dms/image/C4D0BAQEC25ZGW6KKHg/company-logo_400_400/0/1646648451208/cosdecalpha_logo?e=1717632000&v=beta&t=COkQgrJc__cqlf5yCq58gAWdgDTTqtT3JWqiXZfI-0A"}], "education": [{"starts_at": {"day": 1, "month": 8, "year": 2023}, "ends_at": {"day": 31, "month": 8, "year": 2025}, "field_of_study": "Information Technology and Management", "degree_name": "Master's degree", "school": "Illinois Institute of Technology", "school_linkedin_profile_url": "https://www.linkedin.com/company/6328/", "description": "ITMD_514 Programming for Data Analytics \nITMD_523 Adv. Topics in Data Management \nITMS_528 Database Security", "logo_url": "https://media.licdn.com/dms/image/C4D0BAQEd6wnmQCCIHw/company-logo_400_400/0/1630559679535/illinois_institute_of_technology_logo?e=1717632000&v=beta&t=9_wR1v9lt8WVPSux8a585YLwqzmyIqxwEYp0mHeXRL0", "grade": null, "activities_and_societies": null}, {"starts_at": {"day": 1, "month": 7, "year": 2019}, "ends_at": {"day": 30, "month": 4, "year": 2022}, "field_of_study": "Information Technology", "degree_name": "Bachelor of Science - BS", "school": "University of Mumbai", "school_linkedin_profile_url": "https://www.linkedin.com/company/15093732/", "description": null, "logo_url": "https://media.licdn.com/dms/image/C4E0BAQGsu_DimiqUow/company-logo_400_400/0/1631357817785?e=1717632000&v=beta&t=3Vx6bk_4t8Ew4ZZE3U7SR5yJEHUyqMNTCcwPBLha7CI", "grade": "8.7 CGPA", "activities_and_societies": null}], "languages": [], "accomplishment_organisations": [], "accomplishment_publications": [], "accomplishment_honors_awards": [], "accomplishment_patents": [], "accomplishment_courses": [], "accomplishment_projects": [{"starts_at": null, "ends_at": null, "title": "Healthcare Power BI Dashboard", "description": "The Healthcare Power BI Dashboard is a user-friendly tool crafted to help Hospital Management Teams track patient visits, equipment availability, revenue, appointment waiting times, and feedback on medical services. Using Power BI and Excel, I built this dashboard with easy-to-understand visuals and smart features like filters for better analysis. The goal is to assist managers in making smarter decisions by providing clear insights into hospital operations.", "url": null}, {"starts_at": null, "ends_at": null, "title": "IIT-Merchandise Inventory Management System", "description": "The \"IIT-Merchandise Inventory Management System\" is a web-based solution developed to address inventory management challenges at IIT, encompassing stock level tracking, product availability monitoring, and efficient order processing. By leveraging Oracle Developer and PHP, I built a smart Inventory Management System, showcasing strong SQL skills. This system streamlines merchandise tracking and sales processes, enhancing operational efficiency and optimizing inventory management for IIT's merchandise stores and facilities, ultimately contributing to smoother operations and inventory control.", "url": null}], "accomplishment_test_scores": [], "volunteer_work": [], "certifications": [{"starts_at": {"day": 1, "month": 2, "year": 2024}, "ends_at": null, "name": "Fundamentals of the Databricks Lakehouse Platform Accreditation", "license_number": null, "display_source": "customer-academy.databricks.com", "authority": "Databricks", "url": "https://customer-academy.databricks.com/learn/course/529/play/6003/summary-and-next-steps?hash=74a31a1fe4a55059442e45b0a343464dd2e3d4ae&generated_by=612012"}, {"starts_at": {"day": 1, "month": 12, "year": 2023}, "ends_at": null, "name": "Customer Experience (CX) Foundations", "license_number": null, "display_source": "customer-academy.databricks.com", "authority": "LinkedIn", "url": "https://customer-academy.databricks.com/learn/course/529/play/6003/summary-and-next-steps?hash=74a31a1fe4a55059442e45b0a343464dd2e3d4ae&generated_by=612012"}], "connections": 991, "people_also_viewed": [], "recommendations": [], "activities": [], "similarly_named_profiles": [], "articles": [], "groups": [{"profile_pic_url": "https://media.licdn.com/dms/image/D5607AQEtvSu2ArjIoQ/group-logo_image-shrink_400x400/0/1690995189755?e=1710288000&v=beta&t=UqHntDteymKvb3g2Nl40eCGaHBOXqZmgMS1UQDmOplU", "name": "Illinois Tech Stuart Career Management Center", "url": "https://www.linkedin.com/groups/1369727"}, {"profile_pic_url": "https://media.licdn.com/dms/image/C5607AQGEJj1e6u3rzA/group-logo_image-shrink_48x48/0/1631428575820?e=1710288000&v=beta&t=iH2NMzaUShYMVOqtYV6vWHgU_H8bmG-Teh8wXq-tjFI", "name": "PowerBI", "url": "https://www.linkedin.com/groups/6718028"}], "skills": [], "inferred_salary": null, "gender": null, "birth_date": null, "industry": null, "extra": null, "interests": [], "personal_emails": [], "personal_numbers": []}
