{"public_identifier": "shwetha-muralitharan", "profile_pic_url": "https://s3.us-west-000.backblazeb2.com/proxycurl/person/shwetha-muralitharan/profile?X-Amz-Algorithm=AWS4-HMAC-SHA256&X-Amz-Credential=0004d7f56a0400b0000000001%2F20240305%2Fus-west-000%2Fs3%2Faws4_request&X-Amz-Date=20240305T231151Z&X-Amz-Expires=3600&X-Amz-SignedHeaders=host&X-Amz-Signature=e30690feb327b0c35aa683c69a60aa91dc8ca819633fcb2e63c71949db9d4fdb", "background_cover_image_url": null, "first_name": "Shwetha", "last_name": "Muralitharan", "full_name": "Shwetha Muralitharan", "follower_count": 1566, "occupation": "Data Scientist at Srijan Technologies", "headline": "Graduate Student | Data Enthusiast", "summary": "I am a Master's student in Information Technology and Management at Illinois Institute of Technology, where I learn about the latest trends and technologies in the field of data science, machine learning, and business analytics. I have completed multiple courses and certifications in these domains, and have participated in several projects and competitions, such as the Smart India Hackathon 2020, where I was a team leader and a finalist. I am passionate about using data to solve real-world problems and create value for businesses and society.\n\nAlso as a Data Science Intern at Srijan Technologies, I applied my data analysis skills to help the company deliver innovative and data-driven solutions for various clients. I worked with a team of data scientists and engineers to perform data preprocessing, exploratory data analysis, feature engineering, model building, and evaluation, using tools such as Microsoft 365, Python, R, and SQL.", "country": "US", "country_full_name": "United States of America", "city": "Chicago", "state": "Illinois", "experiences": [{"starts_at": {"day": 1, "month": 10, "year": 2021}, "ends_at": {"day": 30, "month": 6, "year": 2022}, "company": "Srijan Technologies", "company_linkedin_profile_url": "https://www.linkedin.com/company/srijan-technologies-pvt--ltd-", "title": "Data Scientist", "description": "\u25cf\tUncovered and analyzed key trends and patterns utilizing data mining techniques and various machine learning algorithms, resulting in a 15% increase in predictive accuracy for intrusion detection systems.\n\u25cf\tDeveloped a comprehensive Tableau dashboard to track company growth metrics, leading to a 20% improvement in decision-making processes based on real-time data visualization.\n\u25cf\tImplemented the YOLO v4 algorithm in a project that successfully identifies objects in images or videos in real-time, enhancing operational efficiency by 30% through automated object recognition.", "location": "Mumbai, Maharashtra, India \u00b7 Remote", "logo_url": "https://media.licdn.com/dms/image/D4D0BAQG_Eu3IYmZkdw/company-logo_400_400/0/1664451649503/srijan_technologies_pvt__ltd__logo?e=1717632000&v=beta&t=hb9xaJMu0KGJBHhmfXq_cA4v4tvHkdHnAGgoqMmjKyw"}, {"starts_at": {"day": 1, "month": 7, "year": 2020}, "ends_at": {"day": 30, "month": 9, "year": 2021}, "company": "Avishkar Tech Solutions", "company_linkedin_profile_url": "https://www.linkedin.com/company/avishkar-tech-solutions", "title": "Data Scientist", "description": "\u25cf\tDeveloped and implemented an innovative image-based search engine utilizing VGG19 algorithm and Convolutional Neural Networks, resulting in a 20% increase in user engagement and a 15% reduction in search time. \n\u25cf\tLed the integration of data-driven dashboards and reports for network security, leading to a 30% decrease in incident response time by providing real-time insights into potential threats.\n\u25cf\tUtilized Google Analytics and Power BI to visualize data trends and generate actionable insights, contributing to a 25% increase in overall website traffic.", "location": "Hyderabad, Telangana, India \u00b7 Remote", "logo_url": "https://media.licdn.com/dms/image/C560BAQG5MX-AFY35Eg/company-logo_400_400/0/1630657904709/avishkar_tech_solutions_logo?e=1717632000&v=beta&t=IV1YxAIOAxmYCMB-0Q2Axli7doN_iUVZm5vGkLdvQjg"}, {"starts_at": {"day": 1, "month": 10, "year": 2020}, "ends_at": {"day": 31, "month": 10, "year": 2020}, "company": "The Sparks Foundation", "company_linkedin_profile_url": "https://www.linkedin.com/company/the-sparks-foundation", "title": "Data Science and Business Analysis", "description": null, "location": "Singapore \u00b7 Remote", "logo_url": "https://media.licdn.com/dms/image/C560BAQFgHU3sTF4LfQ/company-logo_400_400/0/1631365213896?e=1717632000&v=beta&t=TJ2YNPIeD80RPNJ-KsT8wtPupMIeMIuhbBNdWePempY"}, {"starts_at": {"day": 1, "month": 4, "year": 2018}, "ends_at": {"day": 31, "month": 1, "year": 2020}, "company": "Ranjiths Dance Academy", "company_linkedin_profile_url": null, "title": "Assistant Zumba instructor", "description": null, "location": "Coimbatore, Tamil Nadu, India", "logo_url": null}], "education": [{"starts_at": {"day": 1, "month": 8, "year": 2022}, "ends_at": {"day": 31, "month": 5, "year": 2024}, "field_of_study": "Information Technology and Management ", "degree_name": "Master's degree", "school": "Illinois Institute of Technology", "school_linkedin_profile_url": "https://www.linkedin.com/company/6328/", "description": null, "logo_url": "https://media.licdn.com/dms/image/C4D0BAQEd6wnmQCCIHw/company-logo_400_400/0/1630559679535/illinois_institute_of_technology_logo?e=1717632000&v=beta&t=9_wR1v9lt8WVPSux8a585YLwqzmyIqxwEYp0mHeXRL0", "grade": null, "activities_and_societies": null}, {"starts_at": {"day": 1, "month": 1, "year": 2017}, "ends_at": {"day": 31, "month": 12, "year": 2022}, "field_of_study": "Software systems", "degree_name": "Master of Science", "school": "Sri Krishna Arts and Science College", "school_linkedin_profile_url": null, "description": null, "logo_url": null, "grade": null, "activities_and_societies": null}], "languages": [], "accomplishment_organisations": [], "accomplishment_publications": [{"name": "A Survey on Augmented Reality", "publisher": "National Conference on Machine Learning and Smart Technology", "published_on": {"day": 12, "month": 2, "year": 2020}, "description": null, "url": null}, {"name": "Augmented Reality - A Review", "publisher": "National Conference on Machine Learning and Smart Technology-2020", "published_on": {"day": 12, "month": 2, "year": 2020}, "description": null, "url": null}], "accomplishment_honors_awards": [{"title": "Finalist in SIH-2020", "issuer": "MHRD", "issued_on": null, "description": "Team leader of finalist team in Smart India Hackathon-2020"}], "accomplishment_patents": [], "accomplishment_courses": [], "accomplishment_projects": [{"starts_at": {"day": 1, "month": 11, "year": 2023}, "ends_at": {"day": 30, "month": 11, "year": 2023}, "title": "Credit Card Fraud Detection", "description": "\u2022\tImplemented feature reduction techniques on credit card transaction dataset, resulting in the identification of key features utilized in various machine learning algorithms. Utilized Random Forest algorithm with a precision rate of 90% for fraud detection.\n\u2022\tUtilized Python programming language to preprocess and clean credit card transaction data, ensuring high-quality input for machine learning models. Achieved a recall rate of 85% using Support Vector Machine algorithm for accurate fraud prediction.", "url": null}, {"starts_at": {"day": 1, "month": 2, "year": 2023}, "ends_at": {"day": 30, "month": 4, "year": 2023}, "title": "Retail Data analytics using Machine Learning", "description": "\u2022\tImplemented the Decision Tree algorithm with an unprecedented accuracy rate of 99% for predicting future sales, enabling better forecasting and strategic planning for optimizing revenue streams.\n\u2022\tCollaborated with cross-functional teams to leverage findings from feature reduction analysis and algorithm testing to create actionable insights that resulted in a 20% increase in sales forecasting precision.", "url": null}], "accomplishment_test_scores": [], "volunteer_work": [], "certifications": [{"starts_at": {"day": 1, "month": 12, "year": 2023}, "ends_at": null, "name": "DS4A Fall 2023 Graduate Certificate", "license_number": "89939310", "display_source": "www.credential.net", "authority": "Correlation One", "url": "https://www.credential.net/35615491-5f9c-44f2-947d-3d8f7a0a639c"}, {"starts_at": {"day": 1, "month": 5, "year": 2023}, "ends_at": null, "name": "Custom Reports in Google Analytics", "license_number": null, "display_source": "www.credential.net", "authority": "Coursera", "url": "https://www.credential.net/35615491-5f9c-44f2-947d-3d8f7a0a639c"}], "connections": 1572, "people_also_viewed": [{"link": "https://www.linkedin.com/in/sangeetha-jannapu?miniProfileUrn=urn%3Ali%3Afs_miniProfile%3AACoAABu4m6EB8pZwOKkD6ynFgQTFDGVBlqtmi9U", "name": "Sangeetha J.", "summary": "Actively seeking Full Time Opportunity in Data Analytics || MS in Computer Science || Google Professional Data Analytics || Meta Introduction to Database  || Member of ISACA and IEEE || Ambassador at Think Chicago , WBC", "location": null}, {"link": "https://www.linkedin.com/in/pancholi-dhruvi-956bb0259?miniProfileUrn=urn%3Ali%3Afs_miniProfile%3AACoAAD-3FFIBZrbw2DgEkFdtPVhq9hH9RuAddWo", "name": "Pancholi Dhruvi", "summary": "Student at Illinois Institute of Technology |Actively seeking for SUMMER INTERNSHIP 2024", "location": null}, {"link": "https://www.linkedin.com/in/vaishnavi-shankar-devadig?miniProfileUrn=urn%3Ali%3Afs_miniProfile%3AACoAAD3hGO4BYk5KafwbwANNTwL4fh0EoC0yVKs", "name": "Vaishnavi Shankar Devadig", "summary": "Graduate Teaching Assistant (Data Preparation and Analysis) | AWS Certified Machine Learning Specialty | Google Professional Data Analytics | MAS, Data Science at Illinois Institute of Technology | Ex-VMware", "location": null}, {"link": "https://www.linkedin.com/in/mohamadwasim?miniProfileUrn=urn%3Ali%3Afs_miniProfile%3AACoAACm402wB02ZuY9-uLBsW9EjlhYXiDNMa-6c", "name": "Mohammed Wasim", "summary": "I help drive business success as Data Scientist & Analyst | Proficient in Python, SQL, and ML | Skilled in data visualization & statistical analysis | Achieved 10% cost-effectiveness in marketing.", "location": null}, {"link": "https://www.linkedin.com/in/shreyanka-gc-b2335215a?miniProfileUrn=urn%3Ali%3Afs_miniProfile%3AACoAACYjbMsBtocWQXqSiA-QvBXyNWG4GUo6WbA", "name": "Shreyanka GC", "summary": "Actively Seeking for Full time opportunities | Graduate Student at Illinois Institute of Technology MCS | Ex-Accenture | SAP HANA | SAP BODs | SAP ERP | Data Analyst | Data Engineer | Full Stack Developer", "location": null}], "recommendations": [], "activities": [], "similarly_named_profiles": [], "articles": [], "groups": [{"profile_pic_url": "https://media.licdn.com/dms/image/D5607AQG7bipm7ZScgQ/group-logo_image-shrink_400x400/0/1695559679938?e=1710190800&v=beta&t=VO11AGyGMhWE0ttDmjrYU4apHkjBQTZgx8FPjRfMsf0", "name": "Illinois Tech \ud835\uddd6\ud835\uddee\ud835\uddff\ud835\uddf2\ud835\uddf2\ud835\uddff \ud835\udde6\ud835\uddf2\ud835\uddff\ud835\ude03\ud835\uddf6\ud835\uddf0\ud835\uddf2\ud835\ude00", "url": "https://www.linkedin.com/groups/14088794"}, {"profile_pic_url": "https://media.licdn.com/dms/image/C4E07AQGxeaRsLABsIw/group-logo_image-shrink_48x48/0/1630999834751?e=1710190800&v=beta&t=DkBWA_Eax7fV5XxLoM5-OYHVHZ5X_J-sn6SDxRfNpZE", "name": "Recruitment Consultants and Staffing Professionals (650.000 members)", "url": "https://www.linkedin.com/groups/52762"}], "skills": [], "inferred_salary": null, "gender": null, "birth_date": null, "industry": null, "extra": null, "interests": [], "personal_emails": [], "personal_numbers": []}
