{"public_identifier": "sukanya-marati", "profile_pic_url": "https://s3.us-west-000.backblazeb2.com/proxycurl/person/sukanya-marati/profile?X-Amz-Algorithm=AWS4-HMAC-SHA256&X-Amz-Credential=0004d7f56a0400b0000000001%2F20240303%2Fus-west-000%2Fs3%2Faws4_request&X-Amz-Date=20240303T204553Z&X-Amz-Expires=3600&X-Amz-SignedHeaders=host&X-Amz-Signature=24e7e99eca9ebe5a290b2883fc28e0004f91c528d12cdc024f932fb7becfd6d8", "background_cover_image_url": null, "first_name": "Sukanya", "last_name": "Marati", "full_name": "Sukanya Marati", "follower_count": 537, "occupation": "Senior Consultant at Capgemini, Hyderabad                                                 ", "headline": "Actively looking for Summer 2024 Internships.", "summary": "Having experience in SAP Security and GRC AC 10.1, 12.\nMy expertise include SAP Security User/Role Administration, Authorization Configuration, Security Audits, Security/GRC Implementation, Risk Analysis, Mitigation and Remediation,", "country": "US", "country_full_name": "United States of America", "city": "Chicago", "state": "Illinois", "experiences": [{"starts_at": {"day": 1, "month": 11, "year": 2021}, "ends_at": {"day": 31, "month": 12, "year": 2022}, "company": "Capgemini, Hyderabad                                                 ", "company_linkedin_profile_url": null, "title": "Senior Consultant", "description": null, "location": " India  \u00b7 Remote", "logo_url": null}, {"starts_at": {"day": 1, "month": 6, "year": 2021}, "ends_at": {"day": 31, "month": 10, "year": 2021}, "company": "Accenture", "company_linkedin_profile_url": "https://www.linkedin.com/company/accenture", "title": "Application Development Senior Analyst", "description": null, "location": "India", "logo_url": "https://media.licdn.com/dms/image/D4E0BAQGTUswcRlgg9A/company-logo_400_400/0/1689352303687/accenture_logo?e=1717632000&v=beta&t=ylUAT9MwW7PErVIQ7d7GkQZdh8oB_leJXdqCoTeow3A"}, {"starts_at": {"day": 1, "month": 12, "year": 2015}, "ends_at": {"day": 30, "month": 6, "year": 2021}, "company": "Tata Consultancy Services", "company_linkedin_profile_url": "https://www.linkedin.com/company/tata-consultancy-services", "title": "SAP Security and GRC Consultant ", "description": null, "location": null, "logo_url": "https://media.licdn.com/dms/image/D4D0BAQGsGR9p4ikS5w/company-logo_400_400/0/1708946550425/tata_consultancy_services_logo?e=1717632000&v=beta&t=rSR2Xu_LtD00OXeNru5Z_LsSjN8LJPhPG7xvv0hT28Y"}], "education": [{"starts_at": {"day": 1, "month": 1, "year": 2023}, "ends_at": null, "field_of_study": "Information Technology", "degree_name": "Master's degree", "school": "Illinois Institute of Technology", "school_linkedin_profile_url": "https://www.linkedin.com/company/6328/", "description": null, "logo_url": "https://media.licdn.com/dms/image/C4D0BAQEd6wnmQCCIHw/company-logo_400_400/0/1630559679535/illinois_institute_of_technology_logo?e=1717632000&v=beta&t=9_wR1v9lt8WVPSux8a585YLwqzmyIqxwEYp0mHeXRL0", "grade": "3.8/4", "activities_and_societies": null}], "languages": [], "accomplishment_organisations": [], "accomplishment_publications": [], "accomplishment_honors_awards": [], "accomplishment_patents": [], "accomplishment_courses": [], "accomplishment_projects": [], "accomplishment_test_scores": [], "volunteer_work": [], "certifications": [], "connections": 535, "people_also_viewed": [{"link": "https://www.linkedin.com/in/harshithareddyvanga?miniProfileUrn=urn%3Ali%3Afs_miniProfile%3AACoAADCsqO8BULqDBTqt2oYf6jGN09SkiZ0H_6o", "name": "Harshitha Reddy Vanga", "summary": "Security Analyst |Security+|Google Cybersecurity | CC| AWS| SAP GRC and Cybersecurity", "location": null}, {"link": "https://www.linkedin.com/in/priyanka-suryawanshi-10a13a173?miniProfileUrn=urn%3Ali%3Afs_miniProfile%3AACoAACkh8xoBMDdpJVxYc3d6fAa0w6hNYHzWrOk", "name": "Priyanka Suryawanshi", "summary": "CSM\u00ae | Google Project Management Certified | Passionate Project Manager |  May2024 Fulltime Opportunities | Expert in Delivering Impactful Solutions\ud83d\ude80\ud83c\udfb5", "location": null}, {"link": "https://www.linkedin.com/in/pallavi-radha?miniProfileUrn=urn%3Ali%3Afs_miniProfile%3AACoAACOrapABWm_33qMitAExC25oG5rRF40fmcY", "name": "Pallavi Radha", "summary": "Graduate Teaching Assistant at University of Houston-Clear Lake | Ex-Deloitte", "location": null}, {"link": "https://www.linkedin.com/in/rheabashisht?miniProfileUrn=urn%3Ali%3Afs_miniProfile%3AACoAAChDetoBMYgVhYWbWP71og3AOOQ0xKq_3hU", "name": "Rhea B.", "summary": "Sr  SAP | Oracle ERP Recruiter - Talent Acquisition Specialist   - WE ARE HIRING !!", "location": null}, {"link": "https://www.linkedin.com/in/santoshmummidi?miniProfileUrn=urn%3Ali%3Afs_miniProfile%3AACoAACFuVe8B2JPY6k7A0iKatHRyqpb631MkGZg", "name": "Venkata Santosh Naidu Mummidi", "summary": "MS CS Grad | Full Stack Developer | Seeking Exciting Opportunities", "location": null}], "recommendations": [], "activities": [], "similarly_named_profiles": [], "articles": [], "groups": [{"profile_pic_url": "https://media.licdn.com/dms/image/D4D07AQF_-qZmAXhnFw/group-logo_image-shrink_48x48/0/1696055868673?e=1710104400&v=beta&t=gLsaRCkLudG8dC8XwN-M8JGz4vvPp1SuFWLO5EhzbFk", "name": "SAP Security Info Bytes", "url": "https://www.linkedin.com/groups/9515036"}, {"profile_pic_url": "https://media.licdn.com/dms/image/C4D07AQHJY_gg2r-1Tg/group-logo_image-shrink_48x48/0/1631358545814?e=1710104400&v=beta&t=oP71IGIQ0XSyjd2tDyHGhAwv6yN9gmDWaKC-3L8qrJQ", "name": "SAPGIG - SAP Jobs in the USA", "url": "https://www.linkedin.com/groups/139661"}], "skills": [], "inferred_salary": null, "gender": null, "birth_date": null, "industry": null, "extra": null, "interests": [], "personal_emails": [], "personal_numbers": []}
