{"public_identifier": "williamhgates", "profile_pic_url": "https://s3.us-west-000.backblazeb2.com/proxycurl/person/williamhgates/profile?X-Amz-Algorithm=AWS4-HMAC-SHA256&X-Amz-Credential=0004d7f56a0400b0000000001%2F20240305%2Fus-west-000%2Fs3%2Faws4_request&X-Amz-Date=20240305T205957Z&X-Amz-Expires=3600&X-Amz-SignedHeaders=host&X-Amz-Signature=365f49b63b9f0fdfbd4fa5d0836076ab43c1104ffca469428e8f2cd48a389187", "background_cover_image_url": "https://s3.us-west-000.backblazeb2.com/proxycurl/person/williamhgates/cover?X-Amz-Algorithm=AWS4-HMAC-SHA256&X-Amz-Credential=0004d7f56a0400b0000000001%2F20240305%2Fus-west-000%2Fs3%2Faws4_request&X-Amz-Date=20240305T205957Z&X-Amz-Expires=3600&X-Amz-SignedHeaders=host&X-Amz-Signature=6bed7e09fd8c53646ee25604370342adafb3b85e244913aa15221c063a7d6791", "first_name": "Bill", "last_name": "Gates", "full_name": "Bill Gates", "follower_count": 35060742, "occupation": "Co-chair at Bill & Melinda Gates Foundation", "headline": "Co-chair, Bill & Melinda Gates Foundation", "summary": "Co-chair of the Bill & Melinda Gates Foundation. Founder of Breakthrough Energy. Co-founder of Microsoft. Voracious reader. Avid traveler. Active blogger.", "country": "US", "country_full_name": "United States of America", "city": "Seattle", "state": "Washington", "experiences": [{"starts_at": {"day": 1, "month": 1, "year": 2000}, "ends_at": null, "company": "Bill & Melinda Gates Foundation", "company_linkedin_profile_url": "https://www.linkedin.com/company/bill-&-melinda-gates-foundation", "title": "Co-chair", "description": null, "location": null, "logo_url": "https://media.licdn.com/dms/image/C4E0BAQE7Na_mKQhIJg/company-logo_400_400/0/1633731811337/bill__melinda_gates_foundation_logo?e=1716422400&v=beta&t=RBmXO2DN52ccmia-fMmpkScHw2ZT6IMZU7TNCRsT_Oo"}, {"starts_at": {"day": 1, "month": 1, "year": 2015}, "ends_at": null, "company": "Breakthrough Energy ", "company_linkedin_profile_url": "https://www.linkedin.com/company/breakthrough-energy", "title": "Founder", "description": null, "location": null, "logo_url": "https://media.licdn.com/dms/image/C4D0BAQGwD9vNu044FA/company-logo_400_400/0/1630531940051/breakthrough_energy_ventures_logo?e=1716422400&v=beta&t=CHhr_OWr-XFQSFCrUZ7c2tGW0MjcSLiNc0NCUSS5s0Q"}, {"starts_at": {"day": 1, "month": 1, "year": 1975}, "ends_at": null, "company": "Microsoft", "company_linkedin_profile_url": "https://www.linkedin.com/company/microsoft", "title": "Co-founder", "description": null, "location": null, "logo_url": "https://media.licdn.com/dms/image/C560BAQE88xCsONDULQ/company-logo_400_400/0/1630652622688/microsoft_logo?e=1716422400&v=beta&t=exRDIhJIoxh1cwze4zO8C4Qz6nko0UAtopMp9yGejzg"}], "education": [{"starts_at": {"day": 1, "month": 1, "year": 1973}, "ends_at": {"day": 31, "month": 12, "year": 1975}, "field_of_study": null, "degree_name": null, "school": "Harvard University", "school_linkedin_profile_url": "https://www.linkedin.com/company/1646/", "description": null, "logo_url": "https://media.licdn.com/dms/image/C4E0BAQF5t62bcL0e9g/company-logo_400_400/0/1631318058235?e=1716422400&v=beta&t=DcVyCrZGtYJDC9VlUvB1y-rM7s8nXuIbIjHGEayBOFU", "grade": null, "activities_and_societies": null}, {"starts_at": null, "ends_at": null, "field_of_study": null, "degree_name": null, "school": "Lakeside School", "school_linkedin_profile_url": "https://www.linkedin.com/company/30288/", "description": null, "logo_url": "https://media.licdn.com/dms/image/D560BAQGFmOQmzpxg9A/company-logo_400_400/0/1683732883164/lakeside_school_logo?e=1716422400&v=beta&t=kj023G_p6PZGT2-1XqffVa-BhM6mSCrQiCpxq8ifcm8", "grade": null, "activities_and_societies": null}], "languages": [], "accomplishment_organisations": [], "accomplishment_publications": [], "accomplishment_honors_awards": [], "accomplishment_patents": [], "accomplishment_courses": [], "accomplishment_projects": [], "accomplishment_test_scores": [], "volunteer_work": [], "certifications": [], "connections": 9, "people_also_viewed": [], "recommendations": [], "activities": [], "similarly_named_profiles": [{"name": "Bill Gates", "link": "https://www.linkedin.com/in/bill-gates-610", "summary": "Looking for connections within the IT field.", "location": "Whitehall, PA"}, {"name": "Bill Gates", "link": "https://www.linkedin.com/in/bill-gates-50939b1a1", "summary": "Janitor at Bill Gates Associates", "location": "Tompkins County, NY"}, {"name": "Bill Gates", "link": "https://www.linkedin.com/in/bill-gates-b3320919", "summary": "GATES Solid Gold Investments ,Inc  LLC", "location": "Santa Rosa, CA"}, {"name": "Bill Gates", "link": "https://www.linkedin.com/in/bill-gates-03935451", "summary": "President & CEO at Bedford Materials, AIM Global Logistics", "location": "Boca Raton, FL"}], "articles": [], "groups": [], "skills": [], "inferred_salary": null, "gender": null, "birth_date": null, "industry": null, "extra": null, "interests": [], "personal_emails": ["bill.gates@gatesfoundation.org"], "personal_numbers": []}
