{"public_identifier": "yuhan-ding-2122b588", "profile_pic_url": null, "background_cover_image_url": null, "first_name": "Yuhan", "last_name": "Ding", "full_name": "Yuhan Ding", "follower_count": null, "occupation": null, "headline": "Lecturer at Illinois Institute of Technology", "summary": null, "country": "US", "country_full_name": null, "city": "Dallas", "state": "Pennsylvania", "experiences": [{"starts_at": {"day": 31, "month": 8, "year": 2019}, "ends_at": null, "company": "Illinois Institute of Technology", "company_linkedin_profile_url": "https://www.linkedin.com/company/illinois-institute-of-technology", "title": "Lecturer", "description": null, "location": null, "logo_url": null}, {"starts_at": {"day": 31, "month": 8, "year": 2016}, "ends_at": {"day": 31, "month": 5, "year": 2017}, "company": "Illinois Institute of Technology", "company_linkedin_profile_url": "https://www.linkedin.com/company/illinois-institute-of-technology", "title": "Visiting Assistant Professor", "description": null, "location": "Greater Chicago Area", "logo_url": null}, {"starts_at": {"day": 31, "month": 8, "year": 2017}, "ends_at": {"day": 31, "month": 5, "year": 2019}, "company": "Misericordia University", "company_linkedin_profile_url": "https://www.linkedin.com/company/misericordia-university", "title": "Assistant Professor", "description": null, "location": "Dallas\uff0cPA\uff0c United States", "logo_url": null}, {"starts_at": {"day": 31, "month": 3, "year": 2009}, "ends_at": {"day": 31, "month": 7, "year": 2010}, "company": "Yi Bai Li Information Technology (Beijing) Company Limited (Experian China), Shanghai Branch", "company_linkedin_profile_url": null, "title": "Scoring Analyst", "description": null, "location": "Shanghai", "logo_url": null}], "education": [{"starts_at": {"day": 31, "month": 12, "year": 2009}, "ends_at": {"day": 31, "month": 12, "year": 2014}, "field_of_study": "Applied Mathematics", "degree_name": "Doctor of Philosophy (Ph.D.)", "school": "Illinois Institute of Technology", "school_linkedin_profile_url": "https://www.linkedin.com/school/illinois-institute-of-technology/", "description": null, "logo_url": null, "grade": null, "activities_and_societies": null}], "languages": [], "accomplishment_organisations": [], "accomplishment_publications": [], "accomplishment_honors_awards": [], "accomplishment_patents": [], "accomplishment_courses": [], "accomplishment_projects": [], "accomplishment_test_scores": [], "volunteer_work": [], "certifications": [], "connections": null, "people_also_viewed": [], "recommendations": [], "activities": [], "similarly_named_profiles": [], "articles": [], "groups": [], "skills": [], "inferred_salary": null, "gender": null, "birth_date": null, "industry": null, "extra": null, "interests": [], "personal_emails": [], "personal_numbers": []}
